,pl_hostname,pl_letter,pl_name,pl_discmethod,pl_pnum,pl_orbper,pl_orbpererr1,pl_orbpererr2,pl_orbperlim,pl_orbpern,pl_orbsmax,pl_orbsmaxerr1,pl_orbsmaxerr2,pl_orbsmaxlim,pl_orbsmaxn,pl_orbeccen,pl_orbeccenerr1,pl_orbeccenerr2,pl_orbeccenlim,pl_orbeccenn,pl_orbincl,pl_orbinclerr1,pl_orbinclerr2,pl_orbincllim,pl_orbincln,pl_bmassj,pl_bmassjerr1,pl_bmassjerr2,pl_bmassjlim,pl_bmassn,pl_bmassprov,pl_radj,pl_radjerr1,pl_radjerr2,pl_radjlim,pl_radn,pl_dens,pl_denserr1,pl_denserr2,pl_denslim,pl_densn,pl_ttvflag,pl_kepflag,pl_k2flag,ra_str,dec_str,ra,st_raerr,dec,st_decerr,st_posn,st_dist,st_disterr1,st_disterr2,st_distlim,st_distn,st_optmag,st_optmagerr,st_optmaglim,st_optband,gaia_gmag,gaia_gmagerr,gaia_gmaglim,st_teff,st_tefferr1,st_tefferr2,st_tefflim,st_teffn,st_mass,st_masserr1,st_masserr2,st_masslim,st_massn,st_rad,st_raderr1,st_raderr2,st_radlim,st_radn,pl_nnotes,rowupdate,pl_facility,b,l,d,gal_inwards,gal_eastwards,gal_upwards,colorbin
103,Wolf 1061,b,Wolf 1061 b,Radial Velocity,3.0,4.8869,0.0005,-0.0005,0.0,2.0,0.0375,0.0012,-0.0013,0.0,2.0,0.15,0.13,-0.1,0.0,2.0,,,,,0.0,0.00601,0.00082,-0.00079,0.0,2.0,Msini,,,,,0.0,,,,,0.0,0.0,0.0,0.0,16h30m18.06s,-12d39m45.3s,247.575241,5e-06,-12.662594,4e-06,4.0,4.31,0.0,-0.0,0.0,5.0,10.03,,0.0,V (Johnson),8.794,,0.0,3342.0,49.0,-49.0,0.0,4.0,0.29,,,0.0,3.0,0.31,0.03,-0.03,0.0,2.0,0.0,2017-03-30,La Silla Observatory,23.679928087123223,3.3517025823734623,4.31,3.9403607574204935,0.2307674836698921,1.7310122673919035,1
181,Wolf 1061,c,Wolf 1061 c,Radial Velocity,3.0,17.8719,0.0059,-0.0059,0.0,2.0,0.089,0.0029,-0.0031,0.0,2.0,0.11,0.1,-0.07,0.0,2.0,,,,,0.0,0.01073,0.00135,-0.00129,0.0,2.0,Msini,,,,,0.0,,,,,0.0,0.0,0.0,0.0,16h30m18.06s,-12d39m45.3s,247.575241,5e-06,-12.662594,4e-06,4.0,4.31,0.0,-0.0,0.0,5.0,10.03,,0.0,V (Johnson),8.794,,0.0,3342.0,49.0,-49.0,0.0,4.0,0.29,,,0.0,3.0,0.31,0.03,-0.03,0.0,2.0,0.0,2017-03-30,La Silla Observatory,23.679928087123223,3.3517025823734623,4.31,3.9403607574204935,0.2307674836698921,1.7310122673919035,1
182,Wolf 1061,d,Wolf 1061 d,Radial Velocity,3.0,217.21,0.55,-0.52,0.0,2.0,0.47,0.015,-0.017,0.0,2.0,0.55,0.08,-0.09,0.0,2.0,,,,,0.0,0.02423,0.00352,-0.00334,0.0,2.0,Msini,,,,,0.0,,,,,0.0,0.0,0.0,0.0,16h30m18.06s,-12d39m45.3s,247.575241,5e-06,-12.662594,4e-06,4.0,4.31,0.0,-0.0,0.0,5.0,10.03,,0.0,V (Johnson),8.794,,0.0,3342.0,49.0,-49.0,0.0,4.0,0.29,,,0.0,3.0,0.31,0.03,-0.03,0.0,2.0,0.0,2017-03-30,La Silla Observatory,23.679928087123223,3.3517025823734623,4.31,3.9403607574204935,0.2307674836698921,1.7310122673919035,1
250,HD 3651,b,HD 3651 b,Radial Velocity,1.0,62.218,0.015,-0.015,0.0,3.0,0.295,0.003,-0.003,0.0,3.0,0.596,0.036,-0.036,0.0,3.0,,,,,0.0,0.229,0.008,-0.008,0.0,3.0,Msini,,,,,0.0,,,,,0.0,0.0,0.0,0.0,00h39m21.81s,+21d15m01.7s,9.840858,2e-06,21.250473,2e-06,4.0,11.1,0.1,-0.1,0.0,6.0,5.86,,0.0,V (Johnson),5.635,,0.0,5221.0,44.0,-44.0,0.0,6.0,0.88,0.03,-0.03,0.0,5.0,0.8970368236283459,,,,4.0,0.0,2014-05-14,Multiple Observatories,-41.53312333990973,119.1726559106892,11.100000000000001,-4.05023952099641,7.25517867133671,-7.359887381579944,3
328,tau Boo,b,tau Boo b,Radial Velocity,1.0,3.3124568,6.9e-06,-6.9e-06,0.0,4.0,0.049,0.003,-0.003,0.0,3.0,0.011,0.006,-0.006,0.0,4.0,,,,,1.0,4.32,0.04,-0.04,0.0,4.0,Msini,,,,,0.0,,,,,0.0,0.0,0.0,0.0,13h47m15.74s,+17d27m24.9s,206.815598,1e-06,17.456905,1e-06,3.0,15.66,0.08,-0.08,0.0,5.0,4.5,,0.0,V (Johnson),4.295,,0.0,6400.0,,,0.0,6.0,1.34,0.05,-0.05,0.0,5.0,1.46,0.05,-0.05,0.0,4.0,0.0,2015-04-16,Roque de los Muchachos Observatory,73.88898008354073,358.9368219773716,15.660000000000002,4.344893075126252,-0.08063290401551688,15.044966018589408,5
329,ups And,c,ups And c,Radial Velocity,3.0,241.258,0.064,-0.064,0.0,4.0,0.827774,1.5e-05,-1.5e-05,0.0,4.0,0.2596,0.0079,-0.0079,0.0,4.0,,,,,0.0,1.981,0.019,-0.019,0.0,4.0,Msini,,,,,0.0,,,,,0.0,0.0,0.0,0.0,01h36m47.84s,+41d24m19.7s,24.199345,1e-06,41.40546,1e-06,3.0,13.41,0.06,-0.06,0.0,6.0,4.1,,0.0,V (Johnson),3.898,,0.0,,,,,6.0,1.3,,,0.0,5.0,1.56,,,0.0,3.0,0.0,2014-05-14,Multiple Observatories,-20.66615263136077,132.0009022910167,13.41,-8.395797120058646,9.324182058193172,-4.732686305311555,5
331,TRAPPIST-1,b,TRAPPIST-1 b,Transit,7.0,1.51087081,6e-07,-6e-07,0.0,2.0,0.01111,0.00034,-0.00034,0.0,2.0,0.081,,,1.0,2.0,89.65,0.22,-0.27,0.0,3.0,0.00267,0.00227,-0.00227,0.0,1.0,Mass,0.097,0.003,-0.003,0.0,2.0,3.6,3.1,-3.1,0.0,1.0,1.0,0.0,1.0,23h06m29.28s,-05d02m28.6s,346.622013,3.6e-05,-5.041274,3.6e-05,2.0,12.1,0.4,-0.4,0.0,2.0,18.8,0.08,0.0,V (Johnson),15.645,,0.0,2559.0,50.0,-50.0,0.0,3.0,0.08,0.01,-0.01,0.0,2.0,0.12,0.0,-0.0,0.0,2.0,0.0,2017-02-22,La Silla Observatory,-56.644264308043624,69.71249366858872,12.100000000000001,2.3068059793172395,6.24028841974465,-10.106801997278223,0
332,TRAPPIST-1,c,TRAPPIST-1 c,Transit,7.0,2.4218233,1.7e-06,-1.7e-06,0.0,2.0,0.01521,0.00047,-0.00047,0.0,2.0,0.083,,,1.0,2.0,89.67,0.17,-0.17,0.0,3.0,0.00434,0.00192,-0.00192,0.0,1.0,Mass,0.094,0.003,-0.003,0.0,2.0,6.45,2.92,-2.92,0.0,1.0,1.0,0.0,1.0,23h06m29.28s,-05d02m28.6s,346.622013,3.6e-05,-5.041274,3.6e-05,2.0,12.1,0.4,-0.4,0.0,2.0,18.8,0.08,0.0,V (Johnson),15.645,,0.0,2559.0,50.0,-50.0,0.0,3.0,0.08,0.01,-0.01,0.0,2.0,0.12,0.0,-0.0,0.0,2.0,0.0,2017-02-22,La Silla Observatory,-56.644264308043624,69.71249366858872,12.100000000000001,2.3068059793172395,6.24028841974465,-10.106801997278223,0
333,TRAPPIST-1,d,TRAPPIST-1 d,Transit,7.0,4.04961,6.3e-05,-6.3e-05,0.0,1.0,0.02144,0.00066,-0.00063,0.0,1.0,0.07,,,1.0,1.0,89.75,0.16,-0.16,0.0,1.0,0.00129,0.00085,-0.00085,0.0,1.0,Mass,0.069,0.003,-0.003,0.0,1.0,4.9,3.3,-3.3,0.0,1.0,1.0,0.0,1.0,23h06m29.28s,-05d02m28.6s,346.622013,3.6e-05,-5.041274,3.6e-05,2.0,12.1,0.4,-0.4,0.0,2.0,18.8,0.08,0.0,V (Johnson),15.645,,0.0,2559.0,50.0,-50.0,0.0,3.0,0.08,0.01,-0.01,0.0,2.0,0.12,0.0,-0.0,0.0,2.0,2.0,2017-02-22,La Silla Observatory,-56.644264308043624,69.71249366858872,12.100000000000001,2.3068059793172395,6.24028841974465,-10.106801997278223,0
340,HD 7924,b,HD 7924 b,Radial Velocity,3.0,5.39792,0.00025,-0.00025,0.0,4.0,0.06,0.0,0.0,0.0,3.0,0.06,0.05,-0.05,0.0,4.0,,,,0.0,0.0,0.02,0.0,0.0,0.0,4.0,Msini,,,,0.0,0.0,,,,0.0,0.0,0.0,0.0,0.0,01h21m59.12s,+76d42m37.0s,20.496313,1e-06,76.710281,1e-06,3.0,16.82,0.13,-0.13,0.0,6.0,7.185,,0.0,V (Johnson),6.925,,0.0,5131.0,14.0,-14.0,0.0,8.0,0.65,0.05,-0.05,0.0,7.0,0.78,0.01,-0.01,0.0,7.0,1.0,2018-09-06,W. M. Keck Observatory,13.94563603406168,124.73570608295837,16.819999999999997,-9.301410480801618,13.41507258193023,4.053639190798501,2
341,HD 7924,c,HD 7924 c,Radial Velocity,3.0,15.299,0.0032,-0.0033,0.0,1.0,0.1134,0.0013,-0.0014,0.0,1.0,0.098,0.096,-0.069,0.0,1.0,,,,,0.0,0.02473,0.0023,-0.00223,0.0,1.0,Msini,,,,,0.0,,,,,0.0,0.0,0.0,0.0,01h21m59.12s,+76d42m37.0s,20.496313,1e-06,76.710281,1e-06,3.0,16.82,0.13,-0.13,0.0,6.0,7.185,,0.0,V (Johnson),6.925,,0.0,5131.0,14.0,-14.0,0.0,8.0,0.65,0.05,-0.05,0.0,7.0,0.78,0.01,-0.01,0.0,7.0,0.0,2015-05-14,W. M. Keck Observatory,13.94563603406168,124.73570608295837,16.819999999999997,-9.301410480801618,13.41507258193023,4.053639190798501,2
443,HD 20794,b,HD 20794 b,Radial Velocity,4.0,18.315,0.008,-0.008,0.0,2.0,0.1207,0.002,-0.002,0.0,2.0,0.0,,,0.0,2.0,90.0,,,0.0,1.0,0.0085,0.0009,-0.0009,0.0,2.0,Msin(i)/sin(i),,,,,0.0,,,,,0.0,0.0,0.0,0.0,03h19m55.65s,-43d04m11.2s,49.981876,1e-06,-43.069782,1e-06,4.0,6.0,0.01,-0.01,0.0,4.0,4.27,,0.0,V (Johnson),3.981,,0.0,5401.0,17.0,-17.0,0.0,7.0,0.7,,,0.0,6.0,0.7384708111153171,,,,3.0,0.0,2015-08-27,La Silla Observatory,-56.07686815554108,250.74617285479596,6.0,-1.1041740100678852,-3.1611903716260326,-4.978722244695869,2
444,HD 20794,d,HD 20794 d,Radial Velocity,4.0,90.309,0.184,-0.184,0.0,2.0,0.3499,0.0059,-0.0059,0.0,2.0,0.0,,,0.0,2.0,90.0,,,0.0,1.0,0.015,0.002,-0.002,0.0,2.0,Msin(i)/sin(i),,,,,0.0,,,,,0.0,0.0,0.0,0.0,03h19m55.65s,-43d04m11.2s,49.981876,1e-06,-43.069782,1e-06,4.0,6.0,0.01,-0.01,0.0,4.0,4.27,,0.0,V (Johnson),3.981,,0.0,5401.0,17.0,-17.0,0.0,7.0,0.7,,,0.0,6.0,0.7384708111153171,,,,3.0,0.0,2015-08-27,La Silla Observatory,-56.07686815554108,250.74617285479596,6.0,-1.1041740100678852,-3.1611903716260326,-4.978722244695869,2
453,HD 27442,b,HD 27442 b,Radial Velocity,1.0,428.1,1.1,-1.1,0.0,2.0,1.271,0.073,-0.073,0.0,2.0,0.06,0.043,-0.043,0.0,2.0,,,,,0.0,1.56,0.14,-0.14,0.0,2.0,Msini,,,,,0.0,,,,,0.0,0.0,0.0,0.0,04h16m29.03s,-59d18m07.8s,64.120956,1e-06,-59.302155,1e-06,3.0,18.28,0.05,-0.05,0.0,4.0,4.44,,0.0,V (Johnson),4.064,,0.0,4846.0,44.0,-44.0,0.0,8.0,1.23,,,0.0,6.0,1.1923927993028423,,,,3.0,0.0,2014-07-23,Anglo-Australian Telescope,-42.56325551207258,270.20423197219986,18.280000000000005,0.04799184161931791,-13.463701595665121,-12.364660776827751,5
551,HD 39091,b,HD 39091 b,Radial Velocity,2.0,2093.07,1.73,-1.73,0.0,4.0,3.1,0.02,-0.02,0.0,4.0,0.637,0.002,-0.002,0.0,4.0,,,,0.0,0.0,10.02,0.15,-0.15,0.0,4.0,Msini,,,,0.0,0.0,,,,0.0,0.0,0.0,0.0,0.0,05h37m09.89s,-80d28m08.8s,84.291214,1e-06,-80.469124,1e-06,4.0,18.28,0.02,-0.02,0.0,4.0,5.67,,0.0,V (Johnson),5.491,,0.0,6037.0,45.0,-45.0,0.0,10.0,1.09,0.04,-0.04,0.0,9.0,1.1,0.02,-0.02,0.0,5.0,0.0,2018-11-15,Anglo-Australian Telescope,-29.776315617188743,292.51350196513556,18.279999999999998,6.07530337495366,-14.657309321131422,-9.078126038282928,4
552,HD 40307,b,HD 40307 b,Radial Velocity,5.0,4.3123,0.0011,-0.0012,0.0,3.0,0.0468,0.0024,-0.0023,0.0,3.0,0.2,0.14,-0.16,0.0,3.0,,,,,0.0,0.0126,0.0025,-0.0022,0.0,3.0,Msini,,,,,0.0,,,,,0.0,0.0,0.0,0.0,05h54m04.24s,-60d01m24.5s,88.51767,1e-06,-60.023472,1e-06,3.0,12.94,0.0,-0.0,0.0,4.0,7.17,,0.0,V (Johnson),6.844,,0.0,4956.0,50.0,-50.0,0.0,9.0,0.77,0.05,-0.05,0.0,6.0,0.8007871884771605,,,,4.0,0.0,2014-05-14,La Silla Observatory,-30.34040822665508,268.814265067543,12.939999999999998,-0.23109946414151863,-11.165339932771582,-6.536465193308207,3
553,HD 40307,d,HD 40307 d,Radial Velocity,5.0,20.432,0.022,-0.024,0.0,3.0,0.1321,0.0066,-0.0066,0.0,3.0,0.07,0.11,-0.07,0.0,3.0,,,,,0.0,0.0299,0.0053,-0.0047,0.0,3.0,Msini,,,,,0.0,,,,,0.0,0.0,0.0,0.0,05h54m04.24s,-60d01m24.5s,88.51767,1e-06,-60.023472,1e-06,3.0,12.94,0.0,-0.0,0.0,4.0,7.17,,0.0,V (Johnson),6.844,,0.0,4956.0,50.0,-50.0,0.0,9.0,0.77,0.05,-0.05,0.0,6.0,0.8007871884771605,,,,4.0,0.0,2014-05-14,La Silla Observatory,-30.34040822665508,268.814265067543,12.939999999999998,-0.23109946414151863,-11.165339932771582,-6.536465193308207,3
554,HD 40307,f,HD 40307 f,Radial Velocity,5.0,51.76,0.5,-0.46,0.0,3.0,0.247,0.011,-0.014,0.0,3.0,0.02,0.2,-0.02,0.0,3.0,,,,,0.0,0.0164,0.0047,-0.005,0.0,3.0,Msini,,,,,0.0,,,,,0.0,0.0,0.0,0.0,05h54m04.24s,-60d01m24.5s,88.51767,1e-06,-60.023472,1e-06,3.0,12.94,0.0,-0.0,0.0,4.0,7.17,,0.0,V (Johnson),6.844,,0.0,4956.0,50.0,-50.0,0.0,9.0,0.77,0.05,-0.05,0.0,6.0,0.8007871884771605,,,,4.0,0.0,2014-05-14,La Silla Observatory,-30.34040822665508,268.814265067543,12.939999999999998,-0.23109946414151863,-11.165339932771582,-6.536465193308207,3
570,HD 62509,b,HD 62509 b,Radial Velocity,1.0,589.64,0.81,-0.81,0.0,3.0,1.64,0.27,-0.27,0.0,4.0,0.02,0.03,-0.03,0.0,3.0,,,,,0.0,2.3,0.45,-0.45,0.0,4.0,Msini,,,,,0.0,,,,,0.0,0.0,0.0,0.0,07h45m18.95s,+28d01m34.3s,116.328957,2e-06,28.026199,1e-06,4.0,10.34,0.09,-0.09,0.0,3.0,1.14,,0.0,V (Johnson),,,,4946.0,18.0,-18.0,0.0,5.0,2.1,0.08,-0.08,0.0,6.0,8.31,0.09,-0.09,0.0,3.0,0.0,2015-03-26,Multiple Observatories,23.406268288592088,192.22928740667086,10.339999999999998,-9.273803678344954,-2.0100298832407995,4.107547346531082,9
656,HD 69830,c,HD 69830 c,Radial Velocity,3.0,31.56,0.04,-0.04,0.0,1.0,0.186,,,0.0,1.0,0.13,0.06,-0.06,0.0,1.0,,,,,0.0,0.0371,,,0.0,1.0,Msini,,,,,0.0,,,,,0.0,0.0,0.0,0.0,08h18m23.95s,-12d37m55.8s,124.599777,2e-06,-12.632174,2e-06,4.0,12.56,0.01,-0.01,0.0,4.0,6.0,,0.0,V (Johnson),5.739,,0.0,5385.0,20.0,-20.0,0.0,8.0,0.86,0.03,-0.03,0.0,6.0,0.8796779043679792,,,,4.0,0.0,2015-03-26,La Silla Observatory,12.823742307184554,234.56341356433634,12.559999999999999,-7.100668346409277,-9.978111189577413,2.7877241834032502,3
657,HD 69830,d,HD 69830 d,Radial Velocity,3.0,197.0,3.0,-3.0,0.0,1.0,0.63,,,0.0,1.0,0.07,0.07,-0.07,0.0,1.0,,,,,0.0,0.057,,,0.0,1.0,Msini,,,,,0.0,,,,,0.0,0.0,0.0,0.0,08h18m23.95s,-12d37m55.8s,124.599777,2e-06,-12.632174,2e-06,4.0,12.56,0.01,-0.01,0.0,4.0,6.0,,0.0,V (Johnson),5.739,,0.0,5385.0,20.0,-20.0,0.0,8.0,0.86,0.03,-0.03,0.0,6.0,0.8796779043679792,,,,4.0,0.0,2015-03-26,La Silla Observatory,12.823742307184554,234.56341356433634,12.559999999999999,-7.100668346409277,-9.978111189577413,2.7877241834032502,3
677,7 CMa,b,7 CMa b,Radial Velocity,1.0,796.0,7.4,-7.4,0.0,2.0,1.93,0.01,-0.01,0.0,2.0,0.22,0.07,-0.07,0.0,2.0,,,,,0.0,2.46,0.14,-0.14,0.0,2.0,Msini,,,,,0.0,,,,,0.0,0.0,0.0,0.0,06h36m41.04s,-19d15m21.2s,99.17099,1e-06,-19.255878,1e-06,3.0,19.82,0.16,-0.16,0.0,5.0,3.92,,0.0,V (Johnson),3.578,,0.0,4792.0,100.0,-100.0,0.0,4.0,1.52,0.3,-0.3,0.0,3.0,2.3,0.1,-0.1,0.0,3.0,0.0,2015-10-22,Anglo-Australian Telescope,-11.796087177858691,228.68835857753942,19.82,-12.80793632292494,-14.57299526043615,-4.0517868017956715,6
681,14 Her,b,14 Her b,Radial Velocity,1.0,1773.40002,2.5,-2.5,0.0,5.0,2.93,0.08,-0.08,0.0,6.0,0.37,0.0,0.0,0.0,6.0,,,,0.0,0.0,4.66,0.15,-0.15,0.0,6.0,Msini,,,,0.0,0.0,,,,0.0,0.0,0.0,0.0,0.0,16h10m24.31s,+43d49m03.5s,242.601303,1e-06,43.817646,1e-06,3.0,17.94,0.01,-0.01,0.0,8.0,6.61,0.02,0.0,V (Johnson),6.379,,0.0,5338.0,25.0,-25.0,0.0,8.0,0.9,0.04,-0.04,0.0,9.0,0.93,0.01,-0.01,0.0,5.0,0.0,2018-09-06,W. M. Keck Observatory,46.944913016875006,69.17044241976359,17.939999999999998,4.355135116282199,11.447181481724282,13.108715964708145,3
686,47 UMa,c,47 UMa c,Radial Velocity,3.0,2391.0,100.0,-87.0,0.0,2.0,3.6,0.1,-0.1,0.0,2.0,0.098,0.047,-0.096,0.0,2.0,,,,,0.0,0.54,0.066,-0.073,0.0,2.0,Msini,,,,,0.0,,,,,0.0,0.0,0.0,0.0,10h59m27.97s,+40d25m48.9s,164.866562,1e-06,40.430256,1e-06,3.0,13.8,0.03,-0.03,0.0,7.0,5.05,,0.0,V (Johnson),4.831,,0.0,5892.0,70.0,-70.0,0.0,7.0,1.03,0.05,-0.05,0.0,6.0,1.23,,,0.0,4.0,0.0,2014-05-14,Lick Observatory,63.369067270115494,175.78243740026144,13.8,-6.1689851519628895,0.45492314104481535,12.335990723513184,4
687,47 UMa,d,47 UMa d,Radial Velocity,3.0,14002.0,4018.0,-5095.0,0.0,1.0,11.6,2.1,-2.9,0.0,1.0,0.16,0.09,-0.16,0.0,1.0,,,,,0.0,1.64,0.29,-0.48,0.0,1.0,Msini,,,,,0.0,,,,,0.0,0.0,0.0,0.0,10h59m27.97s,+40d25m48.9s,164.866562,1e-06,40.430256,1e-06,3.0,13.8,0.03,-0.03,0.0,7.0,5.05,,0.0,V (Johnson),4.831,,0.0,5892.0,70.0,-70.0,0.0,7.0,1.03,0.05,-0.05,0.0,6.0,1.23,,,0.0,4.0,0.0,2014-05-14,Lick Observatory,63.369067270115494,175.78243740026144,13.8,-6.1689851519628895,0.45492314104481535,12.335990723513184,4
688,55 Cnc,b,55 Cnc b,Radial Velocity,5.0,14.65152,0.00015,-0.00015,0.0,10.0,0.115227,1e-06,-1e-06,0.0,10.0,0.0034,0.0032,-0.0032,0.0,10.0,90.0,,,0.0,2.0,0.8306,0.0033,-0.0033,0.0,10.0,Mass,,,,,0.0,,,,,0.0,0.0,0.0,0.0,08h52m35.81s,+28d19m50.9s,133.149216,2e-06,28.330818,2e-06,4.0,12.59,0.01,-0.01,0.0,7.0,5.96,0.01,0.0,V (Johnson),5.714,,0.0,5196.0,24.0,-24.0,0.0,7.0,0.91,0.01,-0.01,0.0,10.0,0.94,0.01,-0.01,0.0,6.0,0.0,2014-10-29,Lick Observatory,37.69889937963576,196.79465739826853,12.59,-9.536752289565769,-2.878344977037501,7.698934079508996,3
689,55 Cnc,c,55 Cnc c,Radial Velocity,5.0,44.4175,0.0073,-0.0073,0.0,6.0,0.241376,2.6e-05,-2.6e-05,0.0,6.0,0.02,0.031,-0.031,0.0,6.0,90.0,,,0.0,2.0,0.1714,0.0055,-0.0055,0.0,6.0,Mass,,,,,0.0,,,,,0.0,0.0,0.0,0.0,08h52m35.81s,+28d19m50.9s,133.149216,2e-06,28.330818,2e-06,4.0,12.59,0.01,-0.01,0.0,7.0,5.96,0.01,0.0,V (Johnson),5.714,,0.0,5196.0,24.0,-24.0,0.0,7.0,0.91,0.01,-0.01,0.0,10.0,0.94,0.01,-0.01,0.0,6.0,0.0,2014-10-29,McDonald Observatory,37.69889937963576,196.79465739826853,12.59,-9.536752289565769,-2.878344977037501,7.698934079508996,3
690,55 Cnc,e,55 Cnc e,Radial Velocity,5.0,0.736539,7e-06,-7e-06,0.0,8.0,0.01544,9e-05,-9e-05,0.0,9.0,,,,,6.0,83.3,0.9,-0.8,0.0,6.0,0.02542,0.00098,-0.00098,0.0,10.0,Mass,0.17,0.007,-0.007,0.0,5.0,6.4,0.8,-0.7,0.0,5.0,0.0,0.0,0.0,08h52m35.81s,+28d19m50.9s,133.149216,2e-06,28.330818,2e-06,4.0,12.59,0.01,-0.01,0.0,7.0,5.96,0.01,0.0,V (Johnson),5.714,,0.0,5196.0,24.0,-24.0,0.0,7.0,0.91,0.01,-0.01,0.0,10.0,0.94,0.01,-0.01,0.0,6.0,1.0,2016-07-07,McDonald Observatory,37.69889937963576,196.79465739826853,12.59,-9.536752289565769,-2.878344977037501,7.698934079508996,3
691,55 Cnc,f,55 Cnc f,Radial Velocity,5.0,262.0,0.51,-0.51,0.0,5.0,0.788,0.001,-0.001,0.0,5.0,0.305,0.075,-0.075,0.0,5.0,90.0,,,0.0,2.0,0.141,0.012,-0.012,0.0,5.0,Mass,,,,,0.0,,,,,0.0,0.0,0.0,0.0,08h52m35.81s,+28d19m50.9s,133.149216,2e-06,28.330818,2e-06,4.0,12.59,0.01,-0.01,0.0,7.0,5.96,0.01,0.0,V (Johnson),5.714,,0.0,5196.0,24.0,-24.0,0.0,7.0,0.91,0.01,-0.01,0.0,10.0,0.94,0.01,-0.01,0.0,6.0,0.0,2014-10-29,Multiple Observatories,37.69889937963576,196.79465739826853,12.59,-9.536752289565769,-2.878344977037501,7.698934079508996,3
692,61 Vir,b,61 Vir b,Radial Velocity,3.0,4.215,0.0006,-0.0006,0.0,1.0,0.050201,5e-06,-5e-06,0.0,1.0,0.12,0.11,-0.11,0.0,1.0,,,,,0.0,0.016,0.002,-0.002,0.0,1.0,Msini,,,,,0.0,,,,,0.0,0.0,0.0,0.0,13h18m24.32s,-18d18m40.3s,199.601318,2e-06,-18.311195,1e-06,4.0,8.51,0.02,-0.02,0.0,7.0,4.74,,0.0,V (Johnson),4.477,,0.0,5577.0,33.0,-33.0,0.0,6.0,0.94,0.03,-0.03,0.0,5.0,0.96,0.01,-0.01,0.0,5.0,0.0,2014-05-14,Multiple Observatories,44.09261122972534,311.8590603325551,8.509999999999998,4.078553285575868,-4.552161331191762,5.921429752308196,3
693,61 Vir,c,61 Vir c,Radial Velocity,3.0,38.021,0.034,-0.034,0.0,1.0,0.2175,0.0001,-0.0001,0.0,1.0,0.14,0.06,-0.06,0.0,1.0,,,,,0.0,0.057,0.003,-0.003,0.0,1.0,Msini,,,,,0.0,,,,,0.0,0.0,0.0,0.0,13h18m24.32s,-18d18m40.3s,199.601318,2e-06,-18.311195,1e-06,4.0,8.51,0.02,-0.02,0.0,7.0,4.74,,0.0,V (Johnson),4.477,,0.0,5577.0,33.0,-33.0,0.0,6.0,0.94,0.03,-0.03,0.0,5.0,0.96,0.01,-0.01,0.0,5.0,0.0,2014-05-14,Multiple Observatories,44.09261122972534,311.8590603325551,8.509999999999998,4.078553285575868,-4.552161331191762,5.921429752308196,3
694,70 Vir,b,70 Vir b,Radial Velocity,1.0,116.6884,0.0044,-0.0044,0.0,4.0,0.48,0.01,-0.01,0.0,4.0,0.4,0.0,0.0,0.0,4.0,,,,0.0,0.0,7.62,0.34,-0.34,0.0,4.0,Msini,,,,0.0,0.0,,,,0.0,0.0,0.0,0.0,0.0,13h28m25.81s,+13d46m43.6s,202.107544,2e-06,13.778788,1e-06,4.0,17.91,0.06,-0.06,0.0,5.0,4.98,,0.0,V (Johnson),4.709,,0.0,5531.0,11.0,-11.0,0.0,7.0,1.14,0.08,-0.08,0.0,6.0,1.84,0.03,-0.03,0.0,5.0,0.0,2018-09-06,Lick Observatory,74.10067958537567,337.66540144143454,17.909999999999997,4.538328797740542,-1.864506562835675,17.224845050122845,4
721,HD 219134,f,HD 219134 f,Radial Velocity,6.0,22.717,0.015,-0.015,0.0,2.0,0.1463,0.0018,-0.0018,0.0,2.0,0.148,0.047,-0.047,0.0,2.0,,,,,0.0,0.02297,0.00126,-0.00126,-1.0,2.0,Mass,0.117,0.002,-0.002,-1.0,1.0,,,,,0.0,0.0,0.0,0.0,23h13m16.98s,+57d10m06.1s,348.32074,2e-06,57.168354,1e-06,4.0,6.55,0.01,-0.01,0.0,6.0,5.57,,0.0,V (Johnson),5.208,,0.0,4699.0,16.0,-16.0,0.0,5.0,0.81,0.03,-0.03,0.0,6.0,0.78,0.01,-0.01,0.0,6.0,0.0,2017-03-16,Multiple Observatories,-3.198604236463775,109.89846326720851,6.549999999999999,-2.2258478592268447,6.149352149462205,-0.36547154400830634,3
722,HD 219134,g,HD 219134 g,Radial Velocity,6.0,94.2,0.2,-0.2,0.0,1.0,0.3753,0.0004,-0.0004,0.0,1.0,0.0,,,0.0,1.0,,,,,0.0,0.034,0.004,-0.004,0.0,1.0,Msini,,,,,0.0,,,,,0.0,0.0,0.0,0.0,23h13m16.98s,+57d10m06.1s,348.32074,2e-06,57.168354,1e-06,4.0,6.55,0.01,-0.01,0.0,6.0,5.57,,0.0,V (Johnson),5.208,,0.0,4699.0,16.0,-16.0,0.0,5.0,0.81,0.03,-0.03,0.0,6.0,0.78,0.01,-0.01,0.0,6.0,0.0,2015-11-19,Multiple Observatories,-3.198604236463775,109.89846326720851,6.549999999999999,-2.2258478592268447,6.149352149462205,-0.36547154400830634,3
723,HD 219134,h,HD 219134 h,Radial Velocity,6.0,2247.0,43.0,-43.0,0.0,3.0,3.11,0.04,-0.04,0.0,3.0,0.06,0.04,-0.04,0.0,3.0,,,,,0.0,0.34,0.02,-0.02,0.0,3.0,Msini,,,,,0.0,,,,,0.0,0.0,0.0,0.0,23h13m16.98s,+57d10m06.1s,348.32074,2e-06,57.168354,1e-06,4.0,6.55,0.01,-0.01,0.0,6.0,5.57,,0.0,V (Johnson),5.208,,0.0,4699.0,16.0,-16.0,0.0,5.0,0.81,0.03,-0.03,0.0,6.0,0.78,0.01,-0.01,0.0,6.0,2.0,2015-11-19,Roque de los Muchachos Observatory,-3.198604236463775,109.89846326720851,6.549999999999999,-2.2258478592268447,6.149352149462205,-0.36547154400830634,3
728,GJ 163,b,GJ 163 b,Radial Velocity,3.0,8.63182,0.00155,-0.00155,0.0,1.0,0.0607,1e-05,-1e-05,0.0,1.0,0.073,0.05,-0.05,0.0,1.0,,,,,0.0,0.03335,0.00189,-0.00189,0.0,1.0,Msini,,,,,0.0,,,,,0.0,0.0,0.0,0.0,04h09m15.67s,-53d22m25.3s,62.315273,6e-06,-53.373699,5e-06,4.0,15.14,0.01,-0.01,0.0,4.0,11.81,0.014,0.0,V (Johnson),10.677,,0.0,3500.0,100.0,-100.0,0.0,3.0,0.4,0.02,-0.02,0.0,2.0,0.4589348022251941,,,,1.0,0.0,2017-01-26,La Silla Observatory,-45.32366079879926,262.7818330543714,15.139999999999997,-1.3375146540826326,-10.560588658613847,-10.765900878870784,1
729,GJ 163,c,GJ 163 c,Radial Velocity,3.0,25.63058,0.0255,-0.0255,0.0,1.0,0.1254,0.0001,-0.0001,0.0,1.0,0.099,0.086,-0.086,0.0,1.0,,,,,0.0,0.0214,0.00283,-0.00283,0.0,1.0,Msini,,,,,0.0,,,,,0.0,0.0,0.0,0.0,04h09m15.67s,-53d22m25.3s,62.315273,6e-06,-53.373699,5e-06,4.0,15.14,0.01,-0.01,0.0,4.0,11.81,0.014,0.0,V (Johnson),10.677,,0.0,3500.0,100.0,-100.0,0.0,3.0,0.4,0.02,-0.02,0.0,2.0,0.4589348022251941,,,,1.0,0.0,2017-01-26,La Silla Observatory,-45.32366079879926,262.7818330543714,15.139999999999997,-1.3375146540826326,-10.560588658613847,-10.765900878870784,1
730,GJ 163,d,GJ 163 d,Radial Velocity,3.0,603.95116,7.55862,-7.55862,0.0,1.0,1.0304,0.0086,-0.0086,0.0,1.0,0.373,0.077,-0.077,0.0,1.0,,,,,0.0,0.0925,0.00912,-0.00912,0.0,1.0,Msini,,,,,0.0,,,,,0.0,0.0,0.0,0.0,04h09m15.67s,-53d22m25.3s,62.315273,6e-06,-53.373699,5e-06,4.0,15.14,0.01,-0.01,0.0,4.0,11.81,0.014,0.0,V (Johnson),10.677,,0.0,3500.0,100.0,-100.0,0.0,3.0,0.4,0.02,-0.02,0.0,2.0,0.4589348022251941,,,,1.0,0.0,2017-01-26,La Silla Observatory,-45.32366079879926,262.7818330543714,15.139999999999997,-1.3375146540826326,-10.560588658613847,-10.765900878870784,1
731,GJ 317,b,GJ 317 b,Radial Velocity,1.0,692.0,2.0,-2.0,0.0,2.0,1.15,0.05,-0.05,0.0,2.0,0.11,0.05,-0.05,0.0,2.0,45.0,30.0,-10.0,0.0,1.0,2.5,0.7,-0.4,0.0,3.0,Mass,,,,,0.0,,,,,0.0,0.0,0.0,0.0,08h40m59.22s,-23d27m22.6s,130.24673,1.7e-05,-23.456289,1.7e-05,2.0,15.1,0.22,-0.22,0.0,3.0,11.97,0.014,0.0,V (Johnson),10.754,,0.0,3510.0,50.0,-50.0,0.0,2.0,0.42,0.05,-0.05,0.0,2.0,0.4783677539591453,,,,0.0,0.0,2014-08-27,W. M. Keck Observatory,11.189908431087488,246.79938789099862,15.1,-5.835583008273264,-13.615033552278426,2.930329729550081,1
732,GJ 433,b,GJ 433 b,Radial Velocity,1.0,7.3709,0.0008,-0.0008,0.0,2.0,0.06,0.0,0.0,0.0,2.0,0.08,0.08,-0.08,0.0,2.0,,,,0.0,0.0,0.02,0.01,-0.01,0.0,2.0,Msini,,,,0.0,0.0,,,,0.0,0.0,0.0,0.0,0.0,11h35m26.95s,-32d32m23.9s,173.862289,4e-06,-32.53997,3e-06,4.0,9.07,0.0,-0.0,0.0,4.0,9.806,0.015,0.0,V (Johnson),8.891,,0.0,3461.0,150.0,-150.0,0.0,4.0,0.59,0.22,-0.22,0.0,3.0,0.5,0.04,-0.04,0.0,2.0,0.0,2018-09-06,La Silla Observatory,27.654731363345217,284.8839613371919,9.07,2.0635926166472744,-7.764297243693876,4.2097712317994835,2
733,GJ 436,b,GJ 436 b,Radial Velocity,1.0,2.64388312,5.7e-07,-5.7e-07,0.0,16.0,0.0291,0.0015,-0.0015,0.0,13.0,0.13827,0.00018,-0.00018,0.0,10.0,86.44,0.17,-0.16,0.0,6.0,0.07,0.007,-0.007,0.0,13.0,Mass,0.372,0.015,-0.015,0.0,9.0,1.8,0.29,-0.29,0.0,5.0,0.0,0.0,0.0,11h42m11.09s,+26d42m23.7s,175.546219,7e-06,26.70657,4e-06,4.0,9.76,0.01,-0.01,0.0,6.0,10.67,0.01,0.0,V (Johnson),9.571,,0.0,,,,,9.0,0.47,0.07,-0.07,0.0,10.0,0.46,0.02,-0.02,0.0,8.0,0.0,2015-02-05,W. M. Keck Observatory,74.56888071953612,210.54188050508972,9.76,-2.2366334657901477,-1.3196808774018456,9.408162048005309,1
734,GJ 581,b,GJ 581 b,Radial Velocity,3.0,5.3686,0.0001,-0.0001,0.0,5.0,0.04061,3e-05,-3e-05,0.0,5.0,0.0,0.03,-0.03,0.0,5.0,,,,,0.0,0.0497,0.0009,-0.0009,0.0,5.0,Msini,,,,,0.0,,,,,0.0,0.0,0.0,0.0,15h19m26.82s,-07d43m20.2s,229.861771,7e-06,-7.72228,4e-06,4.0,6.3,0.0,-0.0,0.0,5.0,10.56,0.011,0.0,V (Johnson),9.411,,0.0,,,,,2.0,0.31,0.02,-0.02,0.0,3.0,0.29,,,0.0,3.0,0.0,2014-07-09,La Silla Observatory,40.018698818652,354.07761374229995,6.3,4.799006369279485,-0.4978242046514669,4.051136745270156,1
735,GJ 581,c,GJ 581 c,Radial Velocity,3.0,12.914,0.002,-0.002,0.0,4.0,0.0721,0.0003,-0.0003,0.0,4.0,0.0,0.06,-0.06,0.0,4.0,,,,,0.0,0.0173,0.0009,-0.0009,0.0,4.0,Msini,,,,,0.0,,,,,0.0,0.0,0.0,0.0,15h19m26.82s,-07d43m20.2s,229.861771,7e-06,-7.72228,4e-06,4.0,6.3,0.0,-0.0,0.0,5.0,10.56,0.011,0.0,V (Johnson),9.411,,0.0,,,,,2.0,0.31,0.02,-0.02,0.0,3.0,0.29,,,0.0,3.0,0.0,2014-07-09,La Silla Observatory,40.018698818652,354.07761374229995,6.3,4.799006369279485,-0.4978242046514669,4.051136745270156,1
736,GJ 649,b,GJ 649 b,Radial Velocity,1.0,598.3,4.2,-4.2,0.0,1.0,1.135,0.035,-0.035,0.0,1.0,0.3,0.08,-0.08,0.0,1.0,,,,,0.0,0.328,0.032,-0.032,0.0,1.0,Msini,,,,,0.0,,,,,0.0,0.0,0.0,0.0,16h58m08.85s,+25d44m39.0s,254.53688,2e-06,25.74416,3e-06,4.0,10.38,0.0,-0.0,0.0,5.0,9.69,0.02,0.0,V (Johnson),8.819,,0.0,3700.0,60.0,-60.0,0.0,4.0,0.54,0.05,-0.05,0.0,3.0,0.592290403152777,,,,3.0,0.0,2014-05-14,W. M. Keck Observatory,35.3373380756282,46.523805585823276,10.38,5.826157027499326,6.144599462955357,6.0036815147681635,2
737,GJ 667 C,b,GJ 667 C b,Radial Velocity,5.0,7.2004,0.0017,-0.0017,0.0,4.0,0.0505,0.0044,-0.0053,0.0,4.0,0.13,0.1,-0.11,0.0,4.0,,,,,0.0,0.018,0.004,-0.004,0.0,4.0,Msini,,,,,0.0,,,,,0.0,0.0,0.0,0.0,17h18m58.82s,-34d59m48.6s,259.745085,1.7e-05,-34.996827,1.7e-05,2.0,6.8,,,0.0,3.0,10.22,0.1,0.0,V (Johnson),9.38,,0.0,3350.0,50.0,-50.0,0.0,3.0,0.33,0.02,-0.02,0.0,2.0,0.3897057815518492,,,,0.0,0.0,2014-05-14,La Silla Observatory,1.4145679185486644,351.8396309289081,6.799999999999999,6.729096266022034,-0.9649269560739672,0.1678672453164538,1
738,GJ 667 C,c,GJ 667 C c,Radial Velocity,5.0,28.14,0.053,-0.065,0.0,4.0,0.125,0.012,-0.013,0.0,4.0,0.02,0.15,-0.02,0.0,4.0,,,,,0.0,0.012,0.005,-0.004,0.0,3.0,Msini,,,,,0.0,,,,,0.0,0.0,0.0,0.0,17h18m58.82s,-34d59m48.6s,259.745085,1.7e-05,-34.996827,1.7e-05,2.0,6.8,,,0.0,3.0,10.22,0.1,0.0,V (Johnson),9.38,,0.0,3350.0,50.0,-50.0,0.0,3.0,0.33,0.02,-0.02,0.0,2.0,0.3897057815518492,,,,0.0,0.0,2014-05-14,La Silla Observatory,1.4145679185486644,351.8396309289081,6.799999999999999,6.729096266022034,-0.9649269560739672,0.1678672453164538,1
739,GJ 667 C,f,GJ 667 C f,Radial Velocity,5.0,39.026,0.194,-0.211,0.0,1.0,0.156,0.014,-0.017,0.0,1.0,0.03,0.16,-0.03,0.0,1.0,,,,,0.0,0.008,0.004,-0.004,0.0,1.0,Msini,,,,,0.0,,,,,0.0,0.0,0.0,0.0,17h18m58.82s,-34d59m48.6s,259.745085,1.7e-05,-34.996827,1.7e-05,2.0,6.8,,,0.0,3.0,10.22,0.1,0.0,V (Johnson),9.38,,0.0,3350.0,50.0,-50.0,0.0,3.0,0.33,0.02,-0.02,0.0,2.0,0.3897057815518492,,,,0.0,0.0,2014-05-14,La Silla Observatory,1.4145679185486644,351.8396309289081,6.799999999999999,6.729096266022034,-0.9649269560739672,0.1678672453164538,1
740,GJ 667 C,g,GJ 667 C g,Radial Velocity,5.0,256.2,13.8,-7.9,0.0,1.0,0.549,0.052,-0.058,0.0,1.0,0.08,0.41,-0.08,0.0,1.0,,,,,0.0,0.014,0.008,-0.007,0.0,1.0,Msini,,,,,0.0,,,,,0.0,0.0,0.0,0.0,17h18m58.82s,-34d59m48.6s,259.745085,1.7e-05,-34.996827,1.7e-05,2.0,6.8,,,0.0,3.0,10.22,0.1,0.0,V (Johnson),9.38,,0.0,3350.0,50.0,-50.0,0.0,3.0,0.33,0.02,-0.02,0.0,2.0,0.3897057815518492,,,,0.0,0.0,2014-05-14,La Silla Observatory,1.4145679185486644,351.8396309289081,6.799999999999999,6.729096266022034,-0.9649269560739672,0.1678672453164538,1
741,GJ 676 A,b,GJ 676 A b,Radial Velocity,4.0,1056.80005,2.8,-2.8,0.0,4.0,1.82,0.06,-0.06,0.0,4.0,0.33,0.01,-0.01,0.0,4.0,,,,0.0,1.0,4.96,0.96,-0.96,0.0,5.0,Msini,,,,0.0,0.0,,,,0.0,0.0,0.0,0.0,0.0,17h30m11.21s,-51d38m13.1s,262.546692,4e-06,-51.636978,2e-06,3.0,16.9,0.1,-0.1,0.0,7.0,9.58,0.009,0.0,V (Johnson),8.865,,0.0,3734.0,181.0,-181.0,0.0,3.0,0.73,0.21,-0.21,0.0,3.0,0.69,0.07,-0.07,0.0,3.0,0.0,2018-09-06,La Silla Observatory,-9.54277793201375,339.1040054862062,16.899999999999995,15.569997675101142,-5.9443567878556545,-2.801748521195155,3
742,GJ 676 A,d,GJ 676 A d,Radial Velocity,4.0,3.6005,0.0002,-0.0002,0.0,2.0,0.0413,,,,1.0,0.262,0.09,-0.101,0.0,2.0,,,,,0.0,0.014,0.001,-0.001,0.0,2.0,Msini,,,,,0.0,,,,,0.0,0.0,0.0,0.0,17h30m11.21s,-51d38m13.1s,262.546692,4e-06,-51.636978,2e-06,3.0,16.9,0.1,-0.1,0.0,7.0,9.58,0.009,0.0,V (Johnson),8.865,,0.0,3734.0,181.0,-181.0,0.0,3.0,0.73,0.21,-0.21,0.0,3.0,0.69,0.07,-0.07,0.0,3.0,0.0,2016-09-29,La Silla Observatory,-9.54277793201375,339.1040054862062,16.899999999999995,15.569997675101142,-5.9443567878556545,-2.801748521195155,3
743,GJ 687,b,GJ 687 b,Radial Velocity,1.0,38.14,0.015,-0.015,0.0,2.0,0.17,0.01,-0.01,0.0,2.0,0.04,0.08,-0.08,0.0,2.0,,,,0.0,0.0,0.06,0.01,-0.01,0.0,2.0,Msini,,,,0.0,0.0,,,,0.0,0.0,0.0,0.0,0.0,17h36m25.90s,+68d20m20.9s,264.10791,3e-06,68.339142,3e-06,4.0,4.55,0.0,-0.0,0.0,5.0,9.15,,0.0,V (Johnson),8.028,,0.0,3340.0,97.0,-97.0,0.0,4.0,0.45,0.07,-0.07,0.0,3.0,0.43,0.03,-0.03,0.0,3.0,0.0,2018-09-06,Lick Observatory,31.96408309554144,98.60232913386771,4.549999999999999,-0.5773809502924201,3.816704248078367,2.408713333076388,1
744,GJ 832,c,GJ 832 c,Radial Velocity,2.0,35.68,0.03,-0.03,0.0,1.0,0.163,0.006,-0.006,0.0,1.0,0.18,0.13,-0.13,0.0,1.0,,,,,0.0,0.017,0.003,-0.003,0.0,1.0,Msini,,,,,0.0,,,,,0.0,0.0,0.0,0.0,21h33m33.98s,-49d00m32.4s,323.391571,3e-06,-49.009006,2e-06,4.0,4.97,0.0,-0.0,0.0,7.0,8.66,,0.0,V (Johnson),7.738,,0.0,3472.0,,,0.0,4.0,0.45,0.05,-0.05,0.0,3.0,0.5072600225936295,,,,2.0,0.0,2014-06-25,Multiple Observatories,-46.34961738887864,349.1730652670306,4.97,3.3695052402508545,-0.6444092930368657,-3.5961188938868185,1
745,GJ 849,b,GJ 849 b,Radial Velocity,1.0,1882.0,250.0,-250.0,0.0,4.0,2.35,0.22,-0.22,0.0,4.0,0.04,0.02,-0.02,0.0,4.0,,,,0.0,0.0,1.0,0.31,-0.31,0.0,4.0,Msini,,,,0.0,0.0,,,,0.0,0.0,0.0,0.0,0.0,22h09m40.35s,-04d38m26.6s,332.418121,7e-06,-4.640729,3e-06,4.0,8.8,0.0,-0.0,0.0,4.0,10.37,0.011,0.0,V (Johnson),9.224,,0.0,3241.0,150.0,-150.0,0.0,3.0,0.65,0.24,-0.24,0.0,4.0,0.53,0.05,-0.05,0.0,2.0,0.0,2018-09-06,W. M. Keck Observatory,-45.39912963534861,55.890627294149546,8.800000000000002,3.4650488749447588,5.1160528659442885,-6.265735341291342,2
746,GJ 876,c,GJ 876 c,Radial Velocity,4.0,30.0881,0.0082,-0.0082,0.0,6.0,0.12959,2.4e-05,-2.4e-05,0.0,6.0,0.25591,0.00093,-0.00093,0.0,6.0,59.0,,,0.0,5.0,0.7142,0.0039,-0.0039,0.0,6.0,Mass,,,,,0.0,,,,,0.0,0.0,0.0,0.0,22h53m16.74s,-14d15m49.3s,343.319733,9e-06,-14.2637,4e-06,6.0,4.68,0.0,-0.0,0.0,7.0,10.191,0.015,0.0,V (Johnson),8.875,,0.0,,,,0.0,3.0,0.32,0.03,-0.03,0.0,5.0,0.3,,,0.0,3.0,0.0,2014-08-27,Multiple Observatories,-59.63010307043232,52.00406538293877,4.68,1.4565947142013846,1.864628908344894,-4.037807681493153,1
747,GJ 876,d,GJ 876 d,Radial Velocity,4.0,1.93778,2e-05,-2e-05,0.0,6.0,0.020807,0.0,-0.0,0.0,5.0,0.207,0.055,-0.055,0.0,6.0,59.0,,,0.0,5.0,0.021,0.001,-0.001,0.0,6.0,Mass,,,,,0.0,,,,,0.0,0.0,0.0,0.0,22h53m16.74s,-14d15m49.3s,343.319733,9e-06,-14.2637,4e-06,6.0,4.68,0.0,-0.0,0.0,7.0,10.191,0.015,0.0,V (Johnson),8.875,,0.0,,,,0.0,3.0,0.32,0.03,-0.03,0.0,5.0,0.3,,,0.0,3.0,1.0,2014-08-27,W. M. Keck Observatory,-59.63010307043232,52.00406538293877,4.68,1.4565947142013846,1.864628908344894,-4.037807681493153,1
748,GJ 1214,b,GJ 1214 b,Transit,1.0,1.58040456,1.6e-07,-1.6e-07,0.0,13.0,0.01411,0.00032,-0.00032,0.0,1.0,,,,,3.0,88.17,0.54,-0.54,0.0,11.0,0.0197,0.0027,-0.0027,0.0,5.0,Mass,0.254,0.018,-0.018,0.0,7.0,1.49,0.33,-0.33,0.0,5.0,0.0,0.0,0.0,17h15m18.92s,+04d57m50.1s,258.828837,1.7e-05,4.96392,1.7e-05,2.0,12.95,0.97,-0.85,0.0,3.0,15.1,0.6,0.0,V (Johnson),13.009,,0.0,3026.0,150.0,-150.0,0.0,10.0,0.15,0.01,-0.01,0.0,7.0,0.22,0.01,-0.01,0.0,10.0,3.0,2015-12-03,MEarth Project,23.610799335820992,26.164019902927453,12.949999999999998,10.650083740120044,5.232186188111604,5.186756599394728,0
749,GJ 3021,b,GJ 3021 b,Radial Velocity,1.0,133.71,0.2,-0.2,0.0,1.0,0.49,,,0.0,1.0,0.511,0.017,-0.017,0.0,1.0,,,,,0.0,3.37,0.09,-0.09,0.0,1.0,Msini,,,,,0.0,,,,,0.0,0.0,0.0,0.0,00h16m12.68s,-79d51m04.3s,4.052823,1e-06,-79.851181,1e-06,3.0,17.56,0.01,-0.01,0.0,4.0,6.59,0.0,0.0,V (Johnson),6.394,,0.0,5540.0,75.0,-75.0,0.0,6.0,0.9,,,0.0,4.0,0.9,,,0.0,3.0,1.0,2014-05-14,La Silla Observatory,-37.14406376524474,304.87137445745924,17.56,8.002831585337779,-11.484012896001783,-10.603100226876323,3
752,HD 85512,b,HD 85512 b,Radial Velocity,1.0,58.43,0.13,-0.13,0.0,2.0,0.26,0.0,0.0,0.0,2.0,0.11,0.1,-0.1,0.0,2.0,,,,0.0,1.0,0.01,0.0,0.0,0.0,2.0,Msini,,,,0.0,0.0,,,,0.0,0.0,0.0,0.0,0.0,09h51m07.05s,-43d30m10.0s,147.779388,2e-06,-43.502789,2e-06,4.0,11.28,0.01,-0.01,0.0,4.0,7.67,,0.0,V (Johnson),7.187,,0.0,4300.0,45.0,-45.0,0.0,5.0,0.43,0.1,-0.1,0.0,5.0,0.71,0.02,-0.02,0.0,4.0,0.0,2018-09-06,La Silla Observatory,8.15988319459404,271.6759156212274,11.279999999999998,0.32655581068918105,-11.16102336061185,1.6010368035687539,1
755,HD 87883,b,HD 87883 b,Radial Velocity,1.0,2754.0,87.0,-87.0,0.0,2.0,3.58,0.1,-0.1,0.0,2.0,0.53,0.12,-0.12,0.0,2.0,,,,0.0,0.0,1.54,0.26,-0.26,0.0,2.0,Msini,,,,0.0,0.0,,,,0.0,0.0,0.0,0.0,0.0,10h08m43.14s,+34d14m32.1s,152.179749,2e-06,34.24226,1e-06,3.0,18.3,0.01,-0.01,0.0,4.0,7.55,0.02,0.0,V (Johnson),7.272,,0.0,4915.0,73.0,-73.0,0.0,5.0,0.66,0.09,-0.09,0.0,3.0,0.79,0.03,-0.03,0.0,4.0,0.0,2018-09-06,Lick Observatory,54.540455806180326,191.18652530874783,18.3,-10.414640014476253,-2.0596090537173968,14.905813762244428,2
777,HN Peg,b,HN Peg b,Imaging,1.0,,,,,0.0,773.0,13.0,-13.0,0.0,1.0,,,,,0.0,,,,,0.0,21.9987,9.42803,-9.42803,0.0,1.0,Mass,1.051,0.136,-0.058,0.0,1.0,,,,,0.0,0.0,0.0,0.0,21h44m31.33s,+14d46m19.0s,326.130554,3e-06,14.771939,2e-06,3.0,18.13,0.02,-0.02,0.0,4.0,5.95,0.02,0.0,V (Johnson),5.811,,0.0,5974.0,,,0.0,2.0,1.1,,,0.0,1.0,1.04,,,0.0,2.0,0.0,2014-05-14,Spitzer Space Telescope,-28.269339909602753,69.85939779342382,18.13,5.498063076051476,14.991237444818298,-8.5866758576784,4
784,bet Pic,b,bet Pic b,Imaging,1.0,7665.0,7300.0,-730.0,0.0,5.0,9.1,5.3,-0.5,0.0,5.0,0.08,0.32,-0.06,0.0,3.0,88.9,0.7,-0.7,0.0,3.0,,,,,4.0,,,,,,2.0,,,,,0.0,0.0,0.0,0.0,05h47m17.09s,-51d03m59.4s,86.821198,1e-06,-51.066513,1e-06,3.0,19.75,0.13,-0.13,0.0,5.0,3.85,,0.0,V (Johnson),3.725,,0.0,,,,,2.0,1.76,0.18,-0.17,0.0,2.0,1.616909704547993,,,,2.0,2.0,2015-08-13,Paranal Observatory,-30.611733564801728,258.36383075932383,19.749999999999996,-3.428351501098624,-16.648263255320018,-10.057049098342716,7
785,eps Eri,b,eps Eri b,Radial Velocity,1.0,2502.0,10.0,-10.0,0.0,2.0,3.39,0.36,-0.36,0.0,2.0,0.702,0.039,-0.039,0.0,2.0,30.1,3.8,-3.8,0.0,2.0,1.55,0.24,-0.24,0.0,4.0,Mass,,,,,0.0,,,,,0.0,0.0,0.0,0.0,03h32m55.84s,-09d27m29.7s,53.232685,2e-06,-9.458262,2e-06,4.0,3.21,0.0,-0.0,0.0,6.0,3.82,0.01,0.0,V (Johnson),3.369,,0.0,,,,,4.0,0.83,0.05,-0.05,0.0,5.0,0.8535252599494243,,,,3.0,0.0,2015-09-03,Multiple Observatories,-48.05130079666962,195.84464173438676,3.209999999999999,-2.0642450568597575,-0.5858599881698682,-2.387417102119287,3
788,gam Cep,b,gam Cep b,Radial Velocity,1.0,903.3,1.5,-1.5,0.0,2.0,2.05,0.06,-0.06,0.0,2.0,0.049,0.034,-0.034,0.0,2.0,,,,,0.0,1.85,0.16,-0.16,0.0,2.0,Msini,,,,,0.0,,,,,0.0,0.0,0.0,0.0,23h39m20.85s,+77d37m56.2s,354.836884,1e-06,77.632278,1e-06,3.0,13.54,0.07,-0.07,0.0,8.0,3.21,0.01,0.0,V (Johnson),2.804,,0.0,,,,,5.0,1.4,0.12,-0.12,0.0,5.0,4.9,,,0.0,4.0,1.0,2014-08-27,Multiple Observatories,15.315420098830074,118.99218919830815,13.539999999999997,-6.329642201687897,11.422648922595025,3.5763558533443245,5
795,ups And,b,ups And b,Radial Velocity,3.0,4.617033,2.3e-05,-2.3e-05,0.0,5.0,0.059222,0.0,-0.0,0.0,5.0,0.0215,0.0007,-0.0007,0.0,5.0,,,,,0.0,0.6876,0.0044,-0.0044,0.0,5.0,Msini,,,,,0.0,,,,,0.0,0.0,0.0,0.0,01h36m47.84s,+41d24m19.7s,24.199345,1e-06,41.40546,1e-06,3.0,13.41,0.06,-0.06,0.0,6.0,4.1,,0.0,V (Johnson),3.898,,0.0,,,,,6.0,1.3,,,0.0,5.0,1.56,,,0.0,3.0,0.0,2014-05-14,Lick Observatory,-20.66615263136077,132.0009022910167,13.41,-8.395797120058646,9.324182058193172,-4.732686305311555,5
796,ups And,d,ups And d,Radial Velocity,3.0,1276.46,0.57,-0.57,0.0,4.0,2.51329,0.00075,-0.00075,0.0,4.0,0.2987,0.0072,-0.0072,0.0,4.0,,,,,0.0,4.132,0.029,-0.029,0.0,4.0,Msini,,,,,0.0,,,,,0.0,0.0,0.0,0.0,01h36m47.84s,+41d24m19.7s,24.199345,1e-06,41.40546,1e-06,3.0,13.41,0.06,-0.06,0.0,6.0,4.1,,0.0,V (Johnson),3.898,,0.0,,,,,6.0,1.3,,,0.0,5.0,1.56,,,0.0,3.0,0.0,2014-05-14,Multiple Observatories,-20.66615263136077,132.0009022910167,13.41,-8.395797120058646,9.324182058193172,-4.732686305311555,5
798,Fomalhaut,b,Fomalhaut b,Imaging,1.0,555530.0,184690.0,-353320.0,0.0,2.0,160.0,33.0,-79.0,0.0,2.0,0.87,0.11,-0.05,0.0,2.0,55.0,26.0,-12.0,0.0,1.0,,,,,1.0,,,,,,1.0,,,,,0.0,0.0,0.0,0.0,22h57m39.05s,-29d37m20.1s,344.412689,3e-06,-29.622236,2e-06,3.0,7.7,,,0.0,5.0,1.16,,0.0,V (Johnson),,,,,,,0.0,1.0,1.92,,,0.0,3.0,1.7410291573764727,,,0.0,1.0,2.0,2015-11-19,Hubble Space Telescope,-64.90959852035388,20.488147645801067,7.700000000000001,3.0586279497440594,1.1428530234923286,-6.973426849959703,8
831,GJ 3634,b,GJ 3634 b,Radial Velocity,1.0,2.64561,0.00066,-0.00066,0.0,1.0,0.0287,0.001,-0.0011,0.0,1.0,0.08,0.094,-0.057,0.0,1.0,59.0,18.0,-24.0,0.0,1.0,0.026,0.013,-0.005,0.0,2.0,Mass,,,,,0.0,,,,,0.0,0.0,0.0,0.0,10h58m35.10s,-31d08m38.4s,164.646242,1.9e-05,-31.143989,1.7e-05,2.0,19.8,0.6,-0.6,0.0,2.0,11.93,0.01,0.0,V (Johnson),10.923,,0.0,,,,,1.0,0.45,0.05,-0.05,0.0,1.0,0.43,0.03,-0.03,0.0,1.0,0.0,2014-08-21,La Silla Observatory,25.80997015909739,276.22336962063406,19.8,1.9322958373725851,-17.719767210039954,8.620677631072018,1
871,HD 113538,b,HD 113538 b,Radial Velocity,2.0,663.2,8.4,-7.4,0.0,2.0,1.24,0.04,-0.04,,2.0,0.14,0.08,-0.08,0.0,2.0,,,,,0.0,0.36,0.04,-0.04,0.0,2.0,Msini,,,,,0.0,,,,,0.0,0.0,0.0,0.0,13h04m57.48s,-52d26m34.5s,196.239487,2e-06,-52.442924,2e-06,4.0,15.9,,,0.0,5.0,9.057,,0.0,V (Johnson),8.443,,0.0,4462.0,145.0,-145.0,0.0,4.0,0.58,0.05,-0.05,0.0,3.0,0.53,0.02,-0.02,0.0,4.0,0.0,2015-01-08,La Silla Observatory,10.373850810410454,305.02570364761885,15.899999999999999,8.976536346530262,-12.807589850910292,2.8631167336105574,2
872,HD 113538,c,HD 113538 c,Radial Velocity,2.0,1818.0,25.0,-22.0,0.0,2.0,2.44,0.07,-0.07,0.0,2.0,0.2,0.04,-0.04,0.0,2.0,,,,,0.0,0.93,0.06,-0.06,0.0,2.0,Msini,,,,,0.0,,,,,0.0,0.0,0.0,0.0,13h04m57.48s,-52d26m34.5s,196.239487,2e-06,-52.442924,2e-06,4.0,15.9,,,0.0,5.0,9.057,,0.0,V (Johnson),8.443,,0.0,4462.0,145.0,-145.0,0.0,4.0,0.58,0.05,-0.05,0.0,3.0,0.53,0.02,-0.02,0.0,4.0,0.0,2015-01-08,La Silla Observatory,10.373850810410454,305.02570364761885,15.899999999999999,8.976536346530262,-12.807589850910292,2.8631167336105574,2
949,GJ 86,b,GJ 86 b,Radial Velocity,1.0,15.76491,0.00039,-0.00039,0.0,3.0,0.11,0.0,0.0,0.0,3.0,0.04,0.01,-0.01,0.0,3.0,,,,0.0,0.0,4.42,0.2,-0.2,0.0,3.0,Msini,,,,0.0,0.0,,,,0.0,0.0,0.0,0.0,0.0,02h10m25.93s,-50d49m25.4s,32.608059,1e-06,-50.823723,1e-06,4.0,10.79,0.01,-0.01,0.0,6.0,6.12,,0.0,V (Johnson),5.874,,0.0,5182.0,11.0,-11.0,0.0,6.0,0.93,0.06,-0.06,0.0,6.0,0.77,0.01,-0.01,0.0,4.0,0.0,2018-09-06,La Silla Observatory,-61.960955695842486,275.92626698601873,10.79,0.5236858171282472,-5.044981843689644,-9.523550354871892,3
963,HD 128311,b,HD 128311 b,Radial Velocity,2.0,453.019,0.404,-0.404,0.0,5.0,1.084,0.006,-0.006,0.0,4.0,0.303,0.011,-0.011,0.0,5.0,30.0,,,-1.0,1.0,1.769,0.023,-0.023,0.0,5.0,Msini,,,,,0.0,,,,,0.0,0.0,0.0,0.0,14h36m00.56s,+09d44m47.5s,219.002335,2e-06,9.746518,2e-06,3.0,16.52,0.04,-0.04,0.0,7.0,7.51,0.05,0.0,V (Johnson),7.167,,0.0,,,,,7.0,0.83,0.01,-0.01,0.0,10.0,0.76,0.02,-0.02,0.0,5.0,1.0,2015-06-25,W. M. Keck Observatory,59.83733803217538,2.7297840664222397,16.519999999999996,8.291164240016611,0.395321067634918,14.283232015148169,3
964,HD 128311,c,HD 128311 c,Radial Velocity,2.0,921.538,1.15,-1.15,0.0,4.0,1.74,0.01,-0.01,0.0,3.0,0.159,0.006,-0.006,0.0,4.0,55.95,14.553,-14.553,0.0,1.0,3.789,0.924,-0.432,0.0,5.0,Mass,,,,,0.0,,,,,0.0,0.0,0.0,0.0,14h36m00.56s,+09d44m47.5s,219.002335,2e-06,9.746518,2e-06,3.0,16.52,0.04,-0.04,0.0,7.0,7.51,0.05,0.0,V (Johnson),7.167,,0.0,,,,,7.0,0.83,0.01,-0.01,0.0,10.0,0.76,0.02,-0.02,0.0,5.0,1.0,2015-06-25,W. M. Keck Observatory,59.83733803217538,2.7297840664222397,16.519999999999996,8.291164240016611,0.395321067634918,14.283232015148169,3
980,HD 147513,b,HD 147513 b,Radial Velocity,1.0,528.4,6.3,-6.3,0.0,1.0,1.32,,,0.0,1.0,0.26,0.05,-0.05,0.0,1.0,,,,,0.0,1.21,,,0.0,1.0,Msini,,,,,0.0,,,,,0.0,0.0,0.0,0.0,16h24m01.29s,-39d11m34.7s,246.005371,2e-06,-39.192982,2e-06,3.0,12.91,0.02,-0.02,0.0,5.0,5.39,,0.0,V (Johnson),5.194,,0.0,5883.0,,,0.0,8.0,1.11,,,0.0,7.0,1.092759352083354,,,,4.0,0.0,2014-05-14,La Silla Observatory,7.2126459543871055,341.6208653649088,12.91,12.154526773193325,-4.038357382854879,1.620878949233455,4
1074,HD 160691,b,HD 160691 b,Radial Velocity,4.0,643.25,0.9,-0.9,0.0,5.0,1.497,,,0.0,5.0,0.128,0.017,-0.017,0.0,5.0,,,,,0.0,1.08,,,0.0,5.0,Msini,,,,,0.0,,,,,0.0,0.0,0.0,0.0,17h44m08.70s,-51d50m02.6s,266.036255,2e-06,-51.834053,1e-06,3.0,15.61,0.03,-0.03,0.0,5.0,5.15,,0.0,V (Johnson),4.905,,0.0,5807.0,30.0,-30.0,0.0,9.0,1.08,0.05,-0.05,0.0,10.0,1.0676039996827908,,,,4.0,0.0,2014-08-21,Anglo-Australian Telescope,-11.498141856820936,340.0606990459284,15.609999999999996,14.379754610526174,-5.216557312350058,-3.111637374119653,4
1075,HD 160691,d,HD 160691 d,Radial Velocity,4.0,9.6386,0.0015,-0.0015,0.0,3.0,0.09094,,,0.0,3.0,0.172,0.04,-0.04,0.0,3.0,,,,,0.0,0.03321,,,0.0,3.0,Msini,,,,,0.0,,,,,0.0,0.0,0.0,0.0,17h44m08.70s,-51d50m02.6s,266.036255,2e-06,-51.834053,1e-06,3.0,15.61,0.03,-0.03,0.0,5.0,5.15,,0.0,V (Johnson),4.905,,0.0,5807.0,30.0,-30.0,0.0,9.0,1.08,0.05,-0.05,0.0,10.0,1.0676039996827908,,,,4.0,0.0,2014-08-21,La Silla Observatory,-11.498141856820936,340.0606990459284,15.609999999999996,14.379754610526174,-5.216557312350058,-3.111637374119653,4
1076,HD 160691,e,HD 160691 e,Radial Velocity,4.0,310.55,0.83,-0.83,0.0,2.0,0.921,,,0.0,2.0,0.0666,0.0122,-0.0122,0.0,2.0,,,,,0.0,0.5219,,,0.0,2.0,Msini,,,,,0.0,,,,,0.0,0.0,0.0,0.0,17h44m08.70s,-51d50m02.6s,266.036255,2e-06,-51.834053,1e-06,3.0,15.61,0.03,-0.03,0.0,5.0,5.15,,0.0,V (Johnson),4.905,,0.0,5807.0,30.0,-30.0,0.0,9.0,1.08,0.05,-0.05,0.0,10.0,1.0676039996827908,,,,4.0,0.0,2014-08-21,La Silla Observatory,-11.498141856820936,340.0606990459284,15.609999999999996,14.379754610526174,-5.216557312350058,-3.111637374119653,4
1198,HD 95872,b,HD 95872 b,Radial Velocity,1.0,4375.0,170.0,-170.0,0.0,2.0,5.15,0.16,-0.16,0.0,2.0,0.06,0.04,-0.04,0.0,2.0,,,,0.0,0.0,3.74,0.93,-0.93,0.0,2.0,Msini,,,,0.0,0.0,,,,0.0,0.0,0.0,0.0,0.0,11h03m28.11s,-22d05m38.3s,165.867114,1.7e-05,-22.093977,1.7e-05,1.0,7.56,,,0.0,2.0,9.895,,0.0,V (Johnson),9.653,,0.0,5312.0,100.0,-100.0,0.0,3.0,0.7,0.25,-0.25,0.0,2.0,0.84,0.04,-0.04,0.0,2.0,1.0,2018-09-06,Multiple Facilities,34.2841121123429,272.33632855853926,7.56,0.2546399691716593,-6.241291819411702,4.258524968935232,2
1280,GJ 1148,b,GJ 1148 b,Radial Velocity,2.0,41.38,0.002,-0.001,0.0,2.0,0.166,0.001,-0.001,0.0,2.0,0.38,0.01,-0.012,0.0,2.0,,,,0.0,0.0,0.30425,0.00444,-0.00321,0.0,2.0,Msini,,,,0.0,0.0,,,,0.0,0.0,0.0,0.0,0.0,11h41m44.63s,+42d45m07.1s,175.435974,5e-06,42.751972,3e-06,4.0,11.02,0.01,-0.01,0.0,3.0,11.92,0.02,0.0,V (Johnson),10.577,,0.0,3264.0,,,0.0,2.0,0.35,,,0.0,1.0,0.4,,,0.0,1.0,0.0,2017-10-19,W. M. Keck Observatory,68.91793694158979,160.61253242875694,11.02,-3.739171617252165,1.3158509539875556,10.282389405368086,1
1283,Ross 458,c,Ross 458 c,Imaging,1.0,,,,,0.0,1168.0,,,0.0,2.0,,,,,0.0,,,,,0.0,6.28536,,,0.0,2.0,Mass,1.22,,,0.0,2.0,,,,,0.0,0.0,0.0,0.0,13h00m46.58s,+12d22m32.6s,195.194092,4e-06,12.375724,4e-06,4.0,11.51,0.02,-0.02,0.0,3.0,9.72,0.02,0.0,V (Johnson),8.908,,0.0,3621.0,,,0.0,2.0,0.49,,,0.0,1.0,0.63,,,0.0,1.0,0.0,2014-05-14,Las Campanas Observatory,75.08598405574062,311.8254313024425,11.51,1.9754620088173067,-2.207461341555492,11.122264350268676,1
1374,HD 189733,b,HD 189733 b,Radial Velocity,1.0,2.21858,0.0,0.0,0.0,9.0,0.03099,,,0.0,5.0,0.0,,,0.0,3.0,85.71,0.0,0.0,0.0,7.0,1.13,0.08,-0.08,0.0,7.0,Mass,1.13,0.01,-0.01,0.0,7.0,,,,0.0,6.0,0.0,0.0,0.0,20h00m43.71s,+22d42m39.1s,300.182129,2e-06,22.710854,1e-06,3.0,19.78,0.01,-0.01,0.0,6.0,7.67,0.03,0.0,V (Johnson),7.414,,0.0,5052.0,16.0,-16.0,0.0,9.0,0.79,0.08,-0.08,0.0,9.0,0.75,0.01,-0.01,0.0,10.0,0.0,2018-04-26,Haute-Provence Observatory,-3.922261837932581,60.96306170601937,19.779999999999998,9.57819855222487,17.25328596686901,-1.353009918514363,3
1375,HD 190360,b,HD 190360 b,Radial Velocity,2.0,2915.03687,29.0,-29.0,0.0,5.0,3.97,0.07,-0.07,0.0,4.0,0.31,0.02,-0.02,0.0,5.0,,,,0.0,0.0,1.54,0.08,-0.08,0.0,5.0,Msini,,,,0.0,0.0,,,,0.0,0.0,0.0,0.0,0.0,20h03m37.40s,+29d53m48.5s,300.905853,1e-06,29.896805,1e-06,4.0,16.01,0.02,-0.02,0.0,6.0,5.73,,0.0,V (Johnson),5.534,,0.0,5552.0,11.0,-11.0,0.0,7.0,0.99,0.08,-0.08,0.0,7.0,1.14,0.02,-0.02,0.0,5.0,0.0,2018-09-06,Haute-Provence Observatory,-0.6724609098116046,67.41090731892457,16.01,6.14933068587187,14.780748488137872,-0.1878995641418837,4
1376,HD 190360,c,HD 190360 c,Radial Velocity,2.0,17.111,0.0048,-0.0048,0.0,3.0,0.1304,0.0075,-0.0075,0.0,2.0,0.237,0.082,-0.082,0.0,3.0,,,,,0.0,0.06,0.0076,-0.0076,0.0,3.0,Msini,,,,,0.0,,,,,0.0,0.0,0.0,0.0,20h03m37.40s,+29d53m48.5s,300.905853,1e-06,29.896805,1e-06,4.0,16.01,0.02,-0.02,0.0,6.0,5.73,,0.0,V (Johnson),5.534,,0.0,5552.0,11.0,-11.0,0.0,7.0,0.99,0.08,-0.08,0.0,7.0,1.14,0.02,-0.02,0.0,5.0,0.0,2014-08-21,W. M. Keck Observatory,-0.6724609098116046,67.41090731892457,16.01,6.14933068587187,14.780748488137872,-0.1878995641418837,4
1378,HD 192263,b,HD 192263 b,Radial Velocity,1.0,24.3556,0.0046,-0.0046,0.0,6.0,0.15,0.0,0.0,0.0,6.0,0.05,0.04,-0.04,0.0,6.0,,,,0.0,0.0,0.56,0.05,-0.05,0.0,6.0,Msini,,,,0.0,0.0,,,,0.0,0.0,0.0,0.0,0.0,20h13m59.85s,-00d52m00.8s,303.499359,4e-06,-0.866877,2e-06,3.0,19.65,0.02,-0.02,0.0,5.0,7.79,,0.0,V (Johnson),7.496,,0.0,4976.0,18.0,-18.0,0.0,10.0,0.66,0.08,-0.08,0.0,9.0,0.74,0.01,-0.01,0.0,6.0,0.0,2018-09-06,La Silla Observatory,-18.697851188145606,41.87495394728685,19.65,13.859242355008824,12.424255552303084,-6.299347213497248,2
1379,HD 192310,b,HD 192310 b,Radial Velocity,2.0,74.72,0.1,-0.1,0.0,2.0,0.32,0.005,-0.005,0.0,2.0,0.13,0.04,-0.04,0.0,2.0,90.0,,,0.0,1.0,0.0532,0.0028,-0.0028,0.0,2.0,Msin(i)/sin(i),,,,,0.0,,,,,0.0,0.0,0.0,0.0,20h15m17.39s,-27d01m58.7s,303.822449,2e-06,-27.032976,1e-06,4.0,8.8,0.01,-0.01,0.0,4.0,5.73,,0.0,V (Johnson),5.453,,0.0,5166.0,49.0,-49.0,0.0,7.0,0.8,,,0.0,6.0,0.8272304056273321,,,,4.0,0.0,2015-07-02,La Silla Observatory,-29.39744077109922,15.624535153716145,8.8,7.383562944064742,2.0649364851312346,-4.319610580064815,3
1589,HIP 79431,b,HIP 79431 b,Radial Velocity,1.0,111.7,0.7,-0.7,0.0,1.0,0.36,,,,1.0,0.29,0.02,-0.02,0.0,1.0,,,,,0.0,2.1,,,0.0,1.0,Msini,,,,,0.0,,,,,0.0,0.0,0.0,0.0,16h12m41.77s,-18d52m31.8s,243.174057,8e-06,-18.875504,5e-06,4.0,14.54,0.03,-0.03,0.0,4.0,11.34,,0.0,V (Johnson),10.235,,0.0,3368.0,,,0.0,2.0,0.42,,,0.0,1.0,0.54,,,0.0,1.0,0.0,2014-05-14,W. M. Keck Observatory,22.969597923932408,355.20027539074897,14.54,13.340207992039483,-1.1201439919977736,5.674127965275119,1
1594,HR 810,b,HR 810 b,Radial Velocity,1.0,302.79999,2.3,-2.3,0.0,3.0,0.92,0.02,-0.02,0.0,3.0,0.14,0.13,-0.13,0.0,3.0,,,,0.0,0.0,2.27,0.25,-0.25,0.0,3.0,Msini,,,,0.0,0.0,,,,0.0,0.0,0.0,0.0,0.0,02h42m33.47s,-50d48m01.1s,40.639442,1e-06,-50.800293,1e-06,3.0,17.33,0.02,-0.02,0.0,5.0,5.41,,0.0,V (Johnson),5.224,,0.0,6167.0,24.0,-24.0,0.0,4.0,1.34,0.13,-0.13,0.0,4.0,1.13,0.02,-0.02,0.0,3.0,0.0,2018-09-06,La Silla Observatory,-58.32362540068913,268.8095927669433,17.33,-0.18905991059851532,-9.098379078788403,-14.748310224865419,5
1686,VHS J125601.92-125723.9,b,VHS J125601.92-125723.9 b,Imaging,1.0,,,,,0.0,102.0,9.0,-9.0,0.0,1.0,,,,,0.0,,,,,0.0,11.2,9.7,-1.8,0.0,3.0,Mass,,,,,0.0,,,,,0.0,0.0,0.0,0.0,12h56m02.15s,-12d57m21.7s,194.008964,1.9e-05,-12.956031,1.7e-05,1.0,12.7,1.0,-1.0,0.0,2.0,17.759,0.059,0.0,V (Johnson),,,,2620.0,140.0,-140.0,0.0,1.0,0.07,0.02,-0.01,0.0,4.0,0.10431177463084039,,,,0.0,1.0,2015-05-14,Paranal Observatory,49.900188155159256,304.67122526526066,12.7,4.653520845406788,-6.72775421264363,9.714528655350211,0
1845,GJ 3998,b,GJ 3998 b,Radial Velocity,2.0,2.64977,0.00081,-0.00077,0.0,1.0,0.029,0.001,-0.001,0.0,1.0,0.0,,,0.0,1.0,,,,,0.0,0.00777,0.00085,-0.00085,0.0,1.0,Msini,,,,,0.0,,,,,0.0,0.0,0.0,0.0,17h16m00.64s,+11d03m27.6s,259.002655,5e-06,11.057666,5e-06,3.0,17.79,0.72,-0.72,0.0,4.0,10.83,,0.0,V (Johnson),9.983,,0.0,3722.0,68.0,-68.0,0.0,3.0,0.5,0.05,-0.05,0.0,2.0,0.49,0.05,-0.05,0.0,2.0,1.0,2016-07-28,Roque de los Muchachos Observatory,26.1505582750568,32.27427767850897,17.789999999999996,13.50181413715943,8.527011054906769,7.840612059979715,2
1846,GJ 3998,c,GJ 3998 c,Radial Velocity,2.0,13.74,0.016,-0.016,0.0,1.0,0.089,0.003,-0.003,0.0,1.0,0.049,0.052,-0.034,0.0,1.0,,,,,0.0,0.0197,0.00249,-0.00239,0.0,1.0,Msini,,,,,0.0,,,,,0.0,0.0,0.0,0.0,17h16m00.64s,+11d03m27.6s,259.002655,5e-06,11.057666,5e-06,3.0,17.79,0.72,-0.72,0.0,4.0,10.83,,0.0,V (Johnson),9.983,,0.0,3722.0,68.0,-68.0,0.0,3.0,0.5,0.05,-0.05,0.0,2.0,0.49,0.05,-0.05,0.0,2.0,1.0,2016-07-28,Roque de los Muchachos Observatory,26.1505582750568,32.27427767850897,17.789999999999996,13.50181413715943,8.527011054906769,7.840612059979715,2
1848,Proxima Cen,b,Proxima Cen b,Radial Velocity,1.0,11.186,0.001,-0.002,0.0,1.0,0.0485,0.0041,-0.0051,0.0,1.0,0.35,,,1.0,1.0,,,,,0.0,0.004,0.0006,-0.00053,0.0,1.0,Msini,,,,,0.0,,,,,0.0,0.0,0.0,0.0,14h29m42.95s,-62d40m46.1s,217.428955,4e-06,-62.679485,4e-06,4.0,1.29,0.0,0.0,0.0,2.0,11.11,,0.0,V (Johnson),,,,3050.0,100.0,-100.0,0.0,1.0,0.12,0.01,-0.01,0.0,2.0,0.14,0.02,-0.02,0.0,1.0,0.0,2016-08-25,European Southern Observatory,-1.9271464841006893,313.9398694229171,1.29,0.894628651745616,-0.928362893072814,-0.04338103550281563,0
1855,GJ 676 A,c,GJ 676 A c,Radial Velocity,4.0,7337.0,95.0,-92.0,0.0,1.0,6.6,0.1,-0.1,0.0,1.0,,,,,0.0,,,,,0.0,6.8,0.1,-0.1,0.0,1.0,Msini,,,,,0.0,,,,,0.0,0.0,0.0,0.0,17h30m11.21s,-51d38m13.1s,262.546692,4e-06,-51.636978,2e-06,3.0,16.9,0.1,-0.1,0.0,7.0,9.58,0.009,0.0,V (Johnson),8.865,,0.0,3734.0,181.0,-181.0,0.0,3.0,0.73,0.21,-0.21,0.0,3.0,0.69,0.07,-0.07,0.0,3.0,0.0,2016-09-29,Paranal Observatory,-9.54277793201375,339.1040054862062,16.899999999999995,15.569997675101142,-5.9443567878556545,-2.801748521195155,3
1856,GJ 676 A,e,GJ 676 A e,Radial Velocity,4.0,35.39,0.03,-0.04,0.0,2.0,0.187,,,,1.0,0.125,0.119,-0.087,0.0,2.0,,,,,0.0,0.025,0.002,-0.002,0.0,2.0,Msini,,,,,0.0,,,,,0.0,0.0,0.0,0.0,17h30m11.21s,-51d38m13.1s,262.546692,4e-06,-51.636978,2e-06,3.0,16.9,0.1,-0.1,0.0,7.0,9.58,0.009,0.0,V (Johnson),8.865,,0.0,3734.0,181.0,-181.0,0.0,3.0,0.73,0.21,-0.21,0.0,3.0,0.69,0.07,-0.07,0.0,3.0,0.0,2016-09-29,La Silla Observatory,-9.54277793201375,339.1040054862062,16.899999999999995,15.569997675101142,-5.9443567878556545,-2.801748521195155,3
1859,GJ 876,b,GJ 876 b,Radial Velocity,4.0,61.1166,0.0086,-0.0086,0.0,7.0,0.208317,2e-05,-2e-05,0.0,7.0,0.0324,0.0013,-0.0013,0.0,7.0,59.0,,,0.0,5.0,2.2756,0.0045,-0.0045,0.0,7.0,Mass,,,,,0.0,,,,,0.0,0.0,0.0,0.0,22h53m16.74s,-14d15m49.3s,343.319733,9e-06,-14.2637,4e-06,6.0,4.68,0.0,-0.0,0.0,7.0,10.191,0.015,0.0,V (Johnson),8.875,,0.0,,,,0.0,3.0,0.32,0.03,-0.03,0.0,5.0,0.3,,,0.0,3.0,0.0,2014-08-27,Multiple Observatories,-59.63010307043232,52.00406538293877,4.68,1.4565947142013846,1.864628908344894,-4.037807681493153,1
2079,HD 285968,b,HD 285968 b,Radial Velocity,1.0,8.7836,0.0054,-0.0054,0.0,2.0,0.066,,,0.0,2.0,0.0,,,0.0,2.0,,,,,0.0,0.026,,,0.0,2.0,Msini,,,,,0.0,,,,,0.0,0.0,0.0,0.0,04h42m55.78s,+18d57m29.4s,70.732407,8e-06,18.958172,5e-06,5.0,9.47,0.01,-0.01,0.0,6.0,10.038,0.049,0.0,V (Johnson),9.0,,0.0,3679.0,77.0,-77.0,0.0,3.0,0.45,,,0.0,3.0,0.45,0.02,-0.02,0.0,3.0,0.0,2014-11-19,La Silla Observatory,-17.426502245656703,180.01536573369907,9.469999999999999,-9.035344712482107,-0.0024231227018734723,-2.836095917824003,1
2087,HD 192310,c,HD 192310 c,Radial Velocity,2.0,525.8,9.2,-9.2,0.0,1.0,1.18,0.025,-0.025,0.0,1.0,0.32,0.11,-0.11,0.0,1.0,90.0,,,0.0,1.0,0.076,0.016,-0.016,0.0,1.0,Msin(i)/sin(i),,,,,0.0,,,,,0.0,0.0,0.0,0.0,20h15m17.39s,-27d01m58.7s,303.822449,2e-06,-27.032976,1e-06,4.0,8.8,0.01,-0.01,0.0,4.0,5.73,,0.0,V (Johnson),5.453,,0.0,5166.0,49.0,-49.0,0.0,7.0,0.8,,,0.0,6.0,0.8272304056273321,,,,4.0,0.0,2015-07-02,La Silla Observatory,-29.39744077109922,15.624535153716145,8.8,7.383562944064742,2.0649364851312346,-4.319610580064815,3
2092,HD 20794,c,HD 20794 c,Radial Velocity,4.0,40.114,0.053,-0.053,0.0,2.0,0.2036,0.0034,-0.0034,0.0,2.0,0.0,,,0.0,2.0,90.0,,,0.0,1.0,0.0076,0.0013,-0.0013,0.0,2.0,Msin(i)/sin(i),,,,,0.0,,,,,0.0,0.0,0.0,0.0,03h19m55.65s,-43d04m11.2s,49.981876,1e-06,-43.069782,1e-06,4.0,6.0,0.01,-0.01,0.0,4.0,4.27,,0.0,V (Johnson),3.981,,0.0,5401.0,17.0,-17.0,0.0,7.0,0.7,,,0.0,6.0,0.7384708111153171,,,,3.0,0.0,2015-08-27,La Silla Observatory,-56.07686815554108,250.74617285479596,6.0,-1.1041740100678852,-3.1611903716260326,-4.978722244695869,2
2136,WD 0806-661,b,WD 0806-661 b,Imaging,1.0,,,,,0.0,2500.0,,,0.0,1.0,,,,,0.0,,,,,0.0,7.5,1.5,-1.5,0.0,1.0,Mass,,,,,0.0,,,,,0.0,0.0,0.0,0.0,08h06m53.74s,-66d18m16.7s,121.723902,2.2e-05,-66.30465,1.7e-05,1.0,19.2,0.6,-0.6,0.0,2.0,,,,,13.683,,0.0,,,,,1.0,0.62,0.03,-0.03,0.0,1.0,0.6660900343935533,,,,0.0,0.0,2014-05-14,Spitzer Space Telescope,-17.57170809368345,279.4224896480921,19.200000000000003,2.996626873451132,-18.05716559503241,-5.796464271854728,2
2138,WISEP J121756.91+162640.2 A,b,WISEP J121756.91+162640.2 A b,Imaging,1.0,,,,,0.0,8.0,1.3,-1.3,0.0,1.0,,,,,0.0,,,,,0.0,22.0,2.0,-2.0,0.0,1.0,Mass,0.934,0.029,-0.029,0.0,1.0,,,,,0.0,0.0,0.0,0.0,12h17m56.91s,+16d26m40.2s,184.487125,0.0,16.4445,0.0,1.0,10.1,1.9,-1.4,0.0,1.0,,,,,,,,575.0,25.0,-25.0,0.0,1.0,0.03,0.01,-0.01,0.0,1.0,0.09,0.0,-0.0,0.0,1.0,0.0,2014-05-14,W. M. Keck Observatory,76.79739714289565,265.23833274022286,10.1,-0.19148930490765045,-2.29882887824553,9.833042135303314,0
2186,HD 40307,c,HD 40307 c,Radial Velocity,5.0,9.6184,0.005,-0.0049,0.0,3.0,0.0799,0.004,-0.004,0.0,3.0,0.06,0.11,-0.06,0.0,3.0,,,,,0.0,0.0208,0.0035,-0.0031,0.0,3.0,Msini,,,,,0.0,,,,,0.0,0.0,0.0,0.0,05h54m04.24s,-60d01m24.5s,88.51767,1e-06,-60.023472,1e-06,3.0,12.94,0.0,-0.0,0.0,4.0,7.17,,0.0,V (Johnson),6.844,,0.0,4956.0,50.0,-50.0,0.0,9.0,0.77,0.05,-0.05,0.0,6.0,0.8007871884771605,,,,4.0,0.0,2014-05-14,La Silla Observatory,-30.34040822665508,268.814265067543,12.939999999999998,-0.23109946414151863,-11.165339932771582,-6.536465193308207,3
2187,HD 40307,g,HD 40307 g,Radial Velocity,5.0,197.8,5.7,-9.0,0.0,2.0,0.6,0.034,-0.033,0.0,2.0,0.29,0.31,-0.29,0.0,2.0,,,,,0.0,0.0223,0.0082,-0.0082,0.0,2.0,Msini,,,,,0.0,,,,,0.0,0.0,0.0,0.0,05h54m04.24s,-60d01m24.5s,88.51767,1e-06,-60.023472,1e-06,3.0,12.94,0.0,-0.0,0.0,4.0,7.17,,0.0,V (Johnson),6.844,,0.0,4956.0,50.0,-50.0,0.0,9.0,0.77,0.05,-0.05,0.0,6.0,0.8007871884771605,,,,4.0,1.0,2014-05-14,La Silla Observatory,-30.34040822665508,268.814265067543,12.939999999999998,-0.23109946414151863,-11.165339932771582,-6.536465193308207,3
2202,HD 69830,b,HD 69830 b,Radial Velocity,3.0,8.667,0.003,-0.003,0.0,1.0,0.0785,,,0.0,1.0,0.1,0.04,-0.04,0.0,1.0,,,,,0.0,0.0321,,,0.0,1.0,Msini,,,,,0.0,,,,,0.0,0.0,0.0,0.0,08h18m23.95s,-12d37m55.8s,124.599777,2e-06,-12.632174,2e-06,4.0,12.56,0.01,-0.01,0.0,4.0,6.0,,0.0,V (Johnson),5.739,,0.0,5385.0,20.0,-20.0,0.0,8.0,0.86,0.03,-0.03,0.0,6.0,0.8796779043679792,,,,4.0,0.0,2015-03-26,La Silla Observatory,12.823742307184554,234.56341356433634,12.559999999999999,-7.100668346409277,-9.978111189577413,2.7877241834032502,3
2241,47 UMa,b,47 UMa b,Radial Velocity,3.0,1078.0,2.0,-2.0,0.0,4.0,2.1,0.02,-0.02,0.0,4.0,0.032,0.014,-0.014,0.0,4.0,,,,,0.0,2.53,0.07,-0.06,0.0,4.0,Msini,,,,,0.0,,,,,0.0,0.0,0.0,0.0,10h59m27.97s,+40d25m48.9s,164.866562,1e-06,40.430256,1e-06,3.0,13.8,0.03,-0.03,0.0,7.0,5.05,,0.0,V (Johnson),4.831,,0.0,5892.0,70.0,-70.0,0.0,7.0,1.03,0.05,-0.05,0.0,6.0,1.23,,,0.0,4.0,0.0,2014-05-14,Lick Observatory,63.369067270115494,175.78243740026144,13.8,-6.1689851519628895,0.45492314104481535,12.335990723513184,4
2242,51 Peg,b,51 Peg b,Radial Velocity,1.0,4.230785,3.6e-05,-3.6e-05,0.0,4.0,0.0527,0.003,-0.003,0.0,3.0,0.013,0.012,-0.012,0.0,4.0,,,,,1.0,0.472,0.039,-0.039,0.0,5.0,Msini,,,,,0.0,,,,,0.0,0.0,0.0,0.0,22h57m27.98s,+20d46m07.8s,344.366577,2e-06,20.768833,1e-06,3.0,15.47,0.03,-0.03,0.0,7.0,5.5,,0.0,V (Johnson),5.256,,0.0,5793.0,70.0,-70.0,0.0,6.0,1.12,0.06,-0.06,0.0,5.0,1.2,,,0.0,5.0,0.0,2014-05-14,Haute-Provence Observatory,-34.72725534025525,90.06263629725116,15.469999999999997,-0.013899477052221882,12.714369945658191,-8.812803395599001,4
2243,55 Cnc,d,55 Cnc d,Radial Velocity,5.0,4825.0,39.0,-39.0,0.0,8.0,5.503,0.03,-0.03,0.0,8.0,0.019,0.013,-0.013,0.0,8.0,90.0,,,0.0,2.0,3.878,0.068,-0.068,0.0,8.0,Mass,,,,,0.0,,,,,0.0,0.0,0.0,0.0,08h52m35.81s,+28d19m50.9s,133.149216,2e-06,28.330818,2e-06,4.0,12.59,0.01,-0.01,0.0,7.0,5.96,0.01,0.0,V (Johnson),5.714,,0.0,5196.0,24.0,-24.0,0.0,7.0,0.91,0.01,-0.01,0.0,10.0,0.94,0.01,-0.01,0.0,6.0,0.0,2014-10-29,Lick Observatory,37.69889937963576,196.79465739826853,12.59,-9.536752289565769,-2.878344977037501,7.698934079508996,3
2245,61 Vir,d,61 Vir d,Radial Velocity,3.0,123.01,0.55,-0.55,0.0,1.0,0.476,0.001,-0.001,0.0,1.0,0.35,0.09,-0.09,0.0,1.0,,,,,0.0,0.072,0.008,-0.008,0.0,1.0,Msini,,,,,0.0,,,,,0.0,0.0,0.0,0.0,13h18m24.32s,-18d18m40.3s,199.601318,2e-06,-18.311195,1e-06,4.0,8.51,0.02,-0.02,0.0,7.0,4.74,,0.0,V (Johnson),4.477,,0.0,5577.0,33.0,-33.0,0.0,6.0,0.94,0.03,-0.03,0.0,5.0,0.96,0.01,-0.01,0.0,5.0,0.0,2014-05-14,Multiple Observatories,44.09261122972534,311.8590603325551,8.509999999999998,4.078553285575868,-4.552161331191762,5.921429752308196,3
2286,HD 7924,d,HD 7924 d,Radial Velocity,3.0,24.451,0.015,-0.017,0.0,1.0,0.1551,0.0018,-0.0019,0.0,1.0,0.21,0.13,-0.12,0.0,1.0,,,,,0.0,0.02026,0.00249,-0.00245,0.0,1.0,Msini,,,,,0.0,,,,,0.0,0.0,0.0,0.0,01h21m59.12s,+76d42m37.0s,20.496313,1e-06,76.710281,1e-06,3.0,16.82,0.13,-0.13,0.0,6.0,7.185,,0.0,V (Johnson),6.925,,0.0,5131.0,14.0,-14.0,0.0,8.0,0.65,0.05,-0.05,0.0,7.0,0.78,0.01,-0.01,0.0,7.0,0.0,2015-05-14,W. M. Keck Observatory,13.94563603406168,124.73570608295837,16.819999999999997,-9.301410480801618,13.41507258193023,4.053639190798501,2
2332,HD 102365,b,HD 102365 b,Radial Velocity,1.0,122.1,0.3,-0.3,0.0,1.0,0.46,0.04,-0.04,0.0,1.0,0.34,0.14,-0.14,0.0,1.0,,,,,0.0,0.05,0.008,-0.008,0.0,1.0,Msini,,,,,0.0,,,,,0.0,0.0,0.0,0.0,11h46m31.07s,-40d30m01.3s,176.629471,1e-06,-40.500355,1e-06,4.0,9.29,0.01,-0.01,0.0,3.0,4.91,,0.0,V (Johnson),4.656,,0.0,5630.0,,,0.0,6.0,0.85,,,0.0,3.0,0.8709757970375106,,,,2.0,0.0,2014-05-14,Anglo-Australian Telescope,20.710026896155203,289.799082557285,9.289999999999997,2.943400070893205,-8.17601897938824,3.28530206698701,3
2342,GJ 504,b,GJ 504 b,Imaging,1.0,,,,,0.0,43.5,,,0.0,1.0,,,,,0.0,,,,,0.0,4.0,4.5,-1.0,0.0,1.0,Mass,,,,,0.0,,,,,0.0,0.0,0.0,0.0,13h16m46.52s,+09d25m27.0s,199.193817,2e-06,9.424156,1e-06,3.0,17.54,0.08,-0.08,0.0,5.0,5.22,,0.0,V (Johnson),5.001,,0.0,6234.0,25.0,-25.0,0.0,5.0,1.22,0.08,-0.08,0.0,4.0,1.1841476462754186,,,,4.0,0.0,2014-05-14,Subaru Telescope,71.31241133678341,322.7902133524785,17.54,4.475880103220202,-3.398583062785085,16.615286048303467,5
2343,GJ 581,e,GJ 581 e,Radial Velocity,3.0,3.149,0.0002,-0.0002,0.0,4.0,0.02815,6e-05,-6e-05,0.0,4.0,0.0,0.06,-0.06,0.0,4.0,,,,,0.0,0.0053,0.0006,-0.0006,0.0,4.0,Msini,,,,,0.0,,,,,0.0,0.0,0.0,0.0,15h19m26.82s,-07d43m20.2s,229.861771,7e-06,-7.72228,4e-06,4.0,6.3,0.0,-0.0,0.0,5.0,10.56,0.011,0.0,V (Johnson),9.411,,0.0,,,,,2.0,0.31,0.02,-0.02,0.0,3.0,0.29,,,0.0,3.0,0.0,2014-07-09,La Silla Observatory,40.018698818652,354.07761374229995,6.3,4.799006369279485,-0.4978242046514669,4.051136745270156,1
2344,GJ 667 C,e,GJ 667 C e,Radial Velocity,5.0,62.24,0.55,-0.55,0.0,1.0,0.213,0.019,-0.022,0.0,1.0,0.02,0.22,-0.02,0.0,1.0,,,,,0.0,0.008,0.005,-0.004,0.0,1.0,Msini,,,,,0.0,,,,,0.0,0.0,0.0,0.0,17h18m58.82s,-34d59m48.6s,259.745085,1.7e-05,-34.996827,1.7e-05,2.0,6.8,,,0.0,3.0,10.22,0.1,0.0,V (Johnson),9.38,,0.0,3350.0,50.0,-50.0,0.0,3.0,0.33,0.02,-0.02,0.0,2.0,0.3897057815518492,,,,0.0,0.0,2014-05-14,La Silla Observatory,1.4145679185486644,351.8396309289081,6.799999999999999,6.729096266022034,-0.9649269560739672,0.1678672453164538,1
2345,GJ 674,b,GJ 674 b,Radial Velocity,1.0,4.6938,0.007,-0.007,0.0,1.0,0.039,,,0.0,1.0,0.2,0.02,-0.02,0.0,1.0,,,,,0.0,0.035,,,0.0,1.0,Msini,,,,,0.0,,,,,0.0,0.0,0.0,0.0,17h28m39.95s,-46d53m42.7s,262.166443,5e-06,-46.895191,2e-06,4.0,4.55,0.0,-0.0,0.0,6.0,9.37,,0.0,V (Johnson),8.331,,0.0,3600.0,100.0,-100.0,0.0,3.0,0.35,,,0.0,2.0,0.40969233401336785,,,,1.0,0.0,2014-05-14,La Silla Observatory,-6.777608903557889,343.0039274367337,4.549999999999999,4.320869800681545,-1.3206986096244833,-0.5369723904393663,1
2346,GJ 832,b,GJ 832 b,Radial Velocity,2.0,3657.0,104.0,-104.0,0.0,3.0,3.56,0.28,-0.28,0.0,3.0,0.08,0.02,-0.06,0.0,3.0,,,,,0.0,0.68,0.09,-0.09,0.0,3.0,Msini,,,,,0.0,,,,,0.0,0.0,0.0,0.0,21h33m33.98s,-49d00m32.4s,323.391571,3e-06,-49.009006,2e-06,4.0,4.97,0.0,-0.0,0.0,7.0,8.66,,0.0,V (Johnson),7.738,,0.0,3472.0,,,0.0,4.0,0.45,0.05,-0.05,0.0,3.0,0.5072600225936295,,,,2.0,0.0,2014-06-25,Anglo-Australian Telescope,-46.34961738887864,349.1730652670306,4.97,3.3695052402508545,-0.6444092930368657,-3.5961188938868185,1
2347,GJ 876,e,GJ 876 e,Radial Velocity,4.0,124.26,0.7,-0.7,0.0,3.0,0.3343,0.0013,-0.0013,0.0,3.0,0.055,0.012,-0.012,0.0,3.0,59.0,,,0.0,3.0,0.046,0.005,-0.005,0.0,3.0,Mass,,,,,0.0,,,,,0.0,0.0,0.0,0.0,22h53m16.74s,-14d15m49.3s,343.319733,9e-06,-14.2637,4e-06,6.0,4.68,0.0,-0.0,0.0,7.0,10.191,0.015,0.0,V (Johnson),8.875,,0.0,,,,0.0,3.0,0.32,0.03,-0.03,0.0,5.0,0.3,,,0.0,3.0,0.0,2014-08-27,W. M. Keck Observatory,-59.63010307043232,52.00406538293877,4.68,1.4565947142013846,1.864628908344894,-4.037807681493153,1
2382,Kapteyn,c,Kapteyn c,Radial Velocity,1.0,121.54,0.25,-0.25,0.0,1.0,0.311,0.038,-0.014,0.0,1.0,0.23,0.1,-0.12,0.0,1.0,,,,,0.0,0.022,0.004,-0.003,0.0,1.0,Msini,,,,,0.0,,,,,0.0,0.0,0.0,0.0,05h11m40.58s,-45d01m06.3s,77.91909,2e-06,-45.018414,2e-06,4.0,3.93,0.0,-0.0,0.0,5.0,8.845,,0.0,V (Johnson),8.062,,0.0,3550.0,50.0,-50.0,0.0,3.0,0.28,0.01,-0.01,0.0,2.0,0.29,0.03,-0.03,0.0,2.0,0.0,2014-06-04,Multiple Observatories,-36.00208454940562,250.5316912873065,3.93,-1.05963190431989,-2.997576369561395,-2.3101117150463804,1
2432,HD 10647,b,HD 10647 b,Radial Velocity,1.0,989.2,8.1,-8.1,0.0,2.0,2.015,0.011,-0.011,0.0,2.0,0.15,0.08,-0.08,0.0,2.0,,,,,0.0,0.94,0.08,-0.08,0.0,2.0,Msini,,,,,0.0,,,,,0.0,0.0,0.0,0.0,01h42m29.32s,-53d44m27.0s,25.622149,1e-06,-53.740833,1e-06,3.0,17.34,0.02,-0.02,0.0,5.0,5.52,,0.0,V (Johnson),5.355,,0.0,6218.0,20.0,-20.0,0.0,8.0,1.11,0.02,-0.02,0.0,7.0,1.1,0.02,-0.02,0.0,5.0,0.0,2014-05-14,W. M. Keck Observatory,-61.76941206319583,286.89736357267185,17.34,2.3840327599097146,-7.848074070238391,-15.277425214601088,4
2535,HD 154345,b,HD 154345 b,Radial Velocity,1.0,3341.55884,93.0,-93.0,0.0,3.0,4.21,0.1,-0.1,0.0,3.0,0.04,0.05,-0.05,0.0,3.0,,,,0.0,0.0,0.82,0.07,-0.07,0.0,3.0,Msini,,,,0.0,0.0,,,,0.0,0.0,0.0,0.0,0.0,17h02m36.41s,+47d04m54.8s,255.651688,1e-06,47.081882,1e-06,4.0,18.29,0.01,-0.01,0.0,5.0,6.76,0.0,0.0,V (Johnson),6.568,,0.0,5468.0,14.0,-14.0,0.0,5.0,0.71,0.07,-0.07,0.0,4.0,0.85,0.01,-0.01,0.0,4.0,0.0,2018-09-06,W. M. Keck Observatory,37.6634552766008,73.02227041728929,18.29,4.227753589569307,13.847607413521088,11.175597008969124,2
2541,HD 160691,c,HD 160691 c,Radial Velocity,4.0,4205.8,758.9,-758.9,0.0,3.0,5.235,,,0.0,3.0,0.0985,0.0627,-0.0627,0.0,3.0,,,,,0.0,1.814,,,0.0,3.0,Msini,,,,,0.0,,,,,0.0,0.0,0.0,0.0,17h44m08.70s,-51d50m02.6s,266.036255,2e-06,-51.834053,1e-06,3.0,15.61,0.03,-0.03,0.0,5.0,5.15,,0.0,V (Johnson),4.905,,0.0,5807.0,30.0,-30.0,0.0,9.0,1.08,0.05,-0.05,0.0,10.0,1.0676039996827908,,,,4.0,0.0,2014-08-21,Anglo-Australian Telescope,-11.498141856820936,340.0606990459284,15.609999999999996,14.379754610526174,-5.216557312350058,-3.111637374119653,4
3075,HD 219134,b,HD 219134 b,Radial Velocity,6.0,3.092926,1e-05,-1e-05,0.0,3.0,0.03876,0.00047,-0.00047,0.0,3.0,0.0,,,0.0,3.0,85.05,0.09,-0.09,0.0,2.0,0.01491,0.0006,-0.0006,0.0,3.0,Mass,0.143,0.005,-0.005,0.0,2.0,6.34,0.72,-0.72,0.0,2.0,0.0,0.0,0.0,23h13m16.98s,+57d10m06.1s,348.32074,2e-06,57.168354,1e-06,4.0,6.55,0.01,-0.01,0.0,6.0,5.57,,0.0,V (Johnson),5.208,,0.0,4699.0,16.0,-16.0,0.0,5.0,0.81,0.03,-0.03,0.0,6.0,0.78,0.01,-0.01,0.0,6.0,0.0,2017-03-16,Roque de los Muchachos Observatory,-3.198604236463775,109.89846326720851,6.549999999999999,-2.2258478592268447,6.149352149462205,-0.36547154400830634,3
3076,HD 219134,c,HD 219134 c,Radial Velocity,6.0,6.76458,0.00033,-0.00033,0.0,3.0,0.0653,0.0008,-0.0008,0.0,3.0,0.062,0.039,-0.039,0.0,3.0,87.28,0.1,-0.1,0.0,1.0,0.01372,0.00069,-0.00069,0.0,3.0,Mass,0.135,0.004,-0.004,0.0,1.0,6.95,0.77,-0.77,0.0,1.0,0.0,0.0,0.0,23h13m16.98s,+57d10m06.1s,348.32074,2e-06,57.168354,1e-06,4.0,6.55,0.01,-0.01,0.0,6.0,5.57,,0.0,V (Johnson),5.208,,0.0,4699.0,16.0,-16.0,0.0,5.0,0.81,0.03,-0.03,0.0,6.0,0.78,0.01,-0.01,0.0,6.0,0.0,2017-03-16,Roque de los Muchachos Observatory,-3.198604236463775,109.89846326720851,6.549999999999999,-2.2258478592268447,6.149352149462205,-0.36547154400830634,3
3077,HD 219134,d,HD 219134 d,Radial Velocity,6.0,46.859,0.028,-0.028,0.0,3.0,0.237,0.003,-0.003,0.0,3.0,0.138,0.025,-0.025,0.0,3.0,,,,,0.0,0.05088,0.00201,-0.00201,-1.0,3.0,Mass,0.144,0.002,-0.002,-1.0,1.0,,,,,0.0,0.0,0.0,0.0,23h13m16.98s,+57d10m06.1s,348.32074,2e-06,57.168354,1e-06,4.0,6.55,0.01,-0.01,0.0,6.0,5.57,,0.0,V (Johnson),5.208,,0.0,4699.0,16.0,-16.0,0.0,5.0,0.81,0.03,-0.03,0.0,6.0,0.78,0.01,-0.01,0.0,6.0,0.0,2017-03-16,Roque de los Muchachos Observatory,-3.198604236463775,109.89846326720851,6.549999999999999,-2.2258478592268447,6.149352149462205,-0.36547154400830634,3
3080,GJ 1132,b,GJ 1132 b,Transit,2.0,1.628931,2.7e-05,-2.7e-05,0.0,3.0,0.0153,0.0005,-0.0005,0.0,2.0,0.22,,,1.0,2.0,,,,0.0,1.0,0.00522,0.00072,-0.00072,0.0,5.0,Mass,,,,0.0,2.0,6.3,1.3,-1.3,0.0,3.0,0.0,0.0,0.0,10h14m51.78s,-47d09m24.2s,153.715737,1.7e-05,-47.156727,1.7e-05,2.0,12.04,0.24,-0.24,0.0,2.0,13.49,0.03,0.0,V (Johnson),12.138,,0.0,3270.0,140.0,-140.0,0.0,3.0,0.18,0.02,-0.02,0.0,3.0,0.21,0.01,-0.01,0.0,3.0,2.0,2018-06-21,Cerro Tololo Inter-American Observatory,7.760201019631786,277.2594062112581,12.039999999999997,1.5074632222843654,-11.834109985954791,1.6257292129333971,0
3301,TRAPPIST-1,e,TRAPPIST-1 e,Transit,7.0,6.099615,1.1e-05,-1.1e-05,0.0,1.0,0.02817,0.00083,-0.00087,0.0,1.0,0.085,,,1.0,1.0,89.86,0.1,-0.12,0.0,1.0,0.00195,0.00182,-0.00182,0.0,1.0,Mass,0.082,0.003,-0.003,0.0,1.0,4.4,4.2,-4.2,0.0,1.0,1.0,0.0,1.0,23h06m29.28s,-05d02m28.6s,346.622013,3.6e-05,-5.041274,3.6e-05,2.0,12.1,0.4,-0.4,0.0,2.0,18.8,0.08,0.0,V (Johnson),15.645,,0.0,2559.0,50.0,-50.0,0.0,3.0,0.08,0.01,-0.01,0.0,2.0,0.12,0.0,-0.0,0.0,2.0,0.0,2017-02-22,Multiple Observatories,-56.644264308043624,69.71249366858872,12.100000000000001,2.3068059793172395,6.24028841974465,-10.106801997278223,0
3302,TRAPPIST-1,f,TRAPPIST-1 f,Transit,7.0,9.20669,1.5e-05,-1.5e-05,0.0,1.0,0.0371,0.0011,-0.0011,0.0,1.0,0.063,,,1.0,1.0,89.68,0.034,-0.034,0.0,1.0,0.00214,0.00057,-0.00057,0.0,1.0,Mass,0.093,0.003,-0.003,0.0,1.0,3.3,0.94,-0.94,0.0,1.0,1.0,0.0,1.0,23h06m29.28s,-05d02m28.6s,346.622013,3.6e-05,-5.041274,3.6e-05,2.0,12.1,0.4,-0.4,0.0,2.0,18.8,0.08,0.0,V (Johnson),15.645,,0.0,2559.0,50.0,-50.0,0.0,3.0,0.08,0.01,-0.01,0.0,2.0,0.12,0.0,-0.0,0.0,2.0,0.0,2017-02-22,Multiple Observatories,-56.644264308043624,69.71249366858872,12.100000000000001,2.3068059793172395,6.24028841974465,-10.106801997278223,0
3303,TRAPPIST-1,g,TRAPPIST-1 g,Transit,7.0,12.35294,0.00012,-0.00012,0.0,1.0,0.0451,0.0014,-0.0014,0.0,1.0,0.061,,,1.0,1.0,89.71,0.025,-0.025,0.0,1.0,0.00422,0.00277,-0.00277,0.0,1.0,Mass,0.101,0.004,-0.004,0.0,1.0,5.2,3.5,-3.5,0.0,1.0,1.0,0.0,1.0,23h06m29.28s,-05d02m28.6s,346.622013,3.6e-05,-5.041274,3.6e-05,2.0,12.1,0.4,-0.4,0.0,2.0,18.8,0.08,0.0,V (Johnson),15.645,,0.0,2559.0,50.0,-50.0,0.0,3.0,0.08,0.01,-0.01,0.0,2.0,0.12,0.0,-0.0,0.0,2.0,0.0,2017-02-22,Multiple Observatories,-56.644264308043624,69.71249366858872,12.100000000000001,2.3068059793172395,6.24028841974465,-10.106801997278223,0
3304,TRAPPIST-1,h,TRAPPIST-1 h,Transit,7.0,18.767,0.004,-0.003,0.0,2.0,0.063,,,,1.0,,,,,0.0,89.76,0.05,-0.04,0.0,2.0,,,,,0.0,,0.067,0.003,-0.003,0.0,2.0,,,,,0.0,0.0,0.0,1.0,23h06m29.28s,-05d02m28.6s,346.622013,3.6e-05,-5.041274,3.6e-05,2.0,12.1,0.4,-0.4,0.0,2.0,18.8,0.08,0.0,V (Johnson),15.645,,0.0,2559.0,50.0,-50.0,0.0,3.0,0.08,0.01,-0.01,0.0,2.0,0.12,0.0,-0.0,0.0,2.0,0.0,2017-06-15,Multiple Observatories,-56.644264308043624,69.71249366858872,12.100000000000001,2.3068059793172395,6.24028841974465,-10.106801997278223,0
3313,GJ 3323,b,GJ 3323 b,Radial Velocity,2.0,5.3636,0.0007,-0.0007,0.0,1.0,0.03282,0.00054,-0.00056,0.0,1.0,0.23,0.11,-0.11,0.0,1.0,,,,,0.0,0.00636,0.00082,-0.00079,0.0,1.0,Msini,,,,,0.0,,,,,0.0,0.0,0.0,0.0,05h01m57.43s,-06d56m46.5s,75.48928,2.2e-05,-6.946263,1.7e-05,2.0,5.32,0.04,-0.04,0.0,2.0,12.22,,0.0,V (Johnson),10.647,,0.0,3159.0,49.0,-49.0,0.0,2.0,0.16,,,0.0,1.0,0.12,0.03,-0.03,0.0,1.0,0.0,2017-03-30,La Silla Observatory,-27.471283280837337,206.4304978778727,5.320000000000001,-4.226756645067162,-2.100985217679776,-2.4541371963424665,0
3314,GJ 3323,c,GJ 3323 c,Radial Velocity,2.0,40.54,0.21,-0.19,0.0,1.0,0.1264,0.0021,-0.0022,0.0,1.0,0.17,0.21,-0.12,0.0,1.0,,,,,0.0,0.00727,0.00157,-0.00154,0.0,1.0,Msini,,,,,0.0,,,,,0.0,0.0,0.0,0.0,05h01m57.43s,-06d56m46.5s,75.48928,2.2e-05,-6.946263,1.7e-05,2.0,5.32,0.04,-0.04,0.0,2.0,12.22,,0.0,V (Johnson),10.647,,0.0,3159.0,49.0,-49.0,0.0,2.0,0.16,,,0.0,1.0,0.12,0.03,-0.03,0.0,1.0,0.0,2017-03-30,La Silla Observatory,-27.471283280837337,206.4304978778727,5.320000000000001,-4.226756645067162,-2.100985217679776,-2.4541371963424665,0
3315,GJ 273,b,GJ 273 b,Radial Velocity,2.0,18.6498,0.0059,-0.0052,0.0,1.0,0.091101,1.9e-05,-1.7e-05,0.0,1.0,0.1,0.09,-0.07,0.0,1.0,,,,,0.0,0.00909,0.00085,-0.00082,0.0,1.0,Msini,,,,,0.0,,,,,0.0,0.0,0.0,0.0,07h27m24.50s,+05d13m32.8s,111.852081,3e-06,5.225785,2e-06,4.0,3.8,0.02,-0.02,0.0,3.0,9.872,,0.0,V (Johnson),,,,3382.0,49.0,-49.0,0.0,2.0,0.29,,,0.0,2.0,0.29,0.03,-0.03,0.0,2.0,0.0,2017-03-30,La Silla Observatory,10.373514264813453,212.3445675541557,3.7999999999999994,-3.1579397131697173,-1.9998063993085016,0.6842449366055418,1
3316,GJ 273,c,GJ 273 c,Radial Velocity,2.0,4.7234,0.0004,-0.0004,0.0,1.0,0.036467,2e-06,-2e-06,0.0,1.0,0.17,0.13,-0.12,0.0,1.0,,,,,0.0,0.00371,0.0005,-0.0005,0.0,1.0,Msini,,,,,0.0,,,,,0.0,0.0,0.0,0.0,07h27m24.50s,+05d13m32.8s,111.852081,3e-06,5.225785,2e-06,4.0,3.8,0.02,-0.02,0.0,3.0,9.872,,0.0,V (Johnson),,,,3382.0,49.0,-49.0,0.0,2.0,0.29,,,0.0,2.0,0.29,0.03,-0.03,0.0,2.0,0.0,2017-03-30,La Silla Observatory,10.373514264813453,212.3445675541557,3.7999999999999994,-3.1579397131697173,-1.9998063993085016,0.6842449366055418,1
3321,LHS 1140,b,LHS 1140 b,Transit,1.0,24.73712,0.00025,-0.00025,0.0,1.0,0.0875,0.0041,-0.0041,0.0,1.0,0.29,,,1.0,1.0,89.912,0.071,-0.071,0.0,1.0,0.02092,0.00573,-0.00573,0.0,1.0,Mass,0.128,0.009,-0.009,0.0,1.0,12.5,3.4,-3.4,0.0,1.0,0.0,0.0,0.0,00h44m59.34s,-15d16m17.5s,11.24724,1.9e-05,-15.271532,1.7e-05,2.0,12.47,0.42,-0.42,0.0,2.0,14.18,0.03,0.0,V (Johnson),12.671,,0.0,3131.0,100.0,-100.0,0.0,2.0,0.15,0.02,-0.02,0.0,1.0,0.19,0.01,-0.01,0.0,1.0,0.0,2017-04-27,MEarth Project,-78.04887140067056,115.40048915483868,12.47,-1.1076392837121847,2.3326315174143315,-12.199707595723059,0
3330,GJ 1148,c,GJ 1148 c,Radial Velocity,2.0,532.58,4.14,-2.52,0.0,1.0,0.912,0.005,-0.002,0.0,1.0,0.342,0.05,-0.062,0.0,1.0,,,,0.0,0.0,0.21414,0.01545,-0.00689,0.0,1.0,Msini,,,,0.0,0.0,,,,0.0,0.0,0.0,0.0,0.0,11h41m44.63s,+42d45m07.1s,175.435974,5e-06,42.751972,3e-06,4.0,11.02,0.01,-0.01,0.0,3.0,11.92,0.02,0.0,V (Johnson),10.577,,0.0,3264.0,,,0.0,2.0,0.35,,,0.0,1.0,0.4,,,0.0,1.0,0.0,2017-10-19,Calar Alto Observatory,68.91793694158979,160.61253242875694,11.02,-3.739171617252165,1.3158509539875556,10.282389405368086,1
3339,Ross 128,b,Ross 128 b,Radial Velocity,1.0,9.8658,0.007,-0.007,0.0,1.0,0.0496,0.0017,-0.0017,0.0,1.0,0.116,0.097,-0.097,0.0,1.0,,,,0.0,0.0,0.0044,0.00066,-0.00066,0.0,1.0,Msini,,,,0.0,0.0,,,,0.0,0.0,0.0,0.0,1.0,11h47m44.40s,+00d48m16.4s,176.934982,5e-06,0.804563,5e-06,5.0,3.38,0.01,-0.01,0.0,5.0,11.15,,0.0,V (Johnson),9.591,,0.0,3192.0,60.0,-60.0,0.0,3.0,0.17,0.02,-0.02,0.0,2.0,0.2,0.01,-0.01,0.0,2.0,1.0,2017-11-17,La Silla Observatory,59.55912367177059,270.14707146377685,3.38,0.004395711434841394,-1.7124678952451828,2.9140752195980655,0
3344,HD 147379,b,HD 147379 b,Radial Velocity,1.0,86.78,0.16,-0.15,0.0,2.0,0.323,0.005,-0.006,0.0,2.0,0.07,0.04,-0.04,0.0,2.0,,,,0.0,0.0,0.08983,0.00469,-0.00456,0.0,2.0,Msini,,,,0.0,0.0,,,,0.0,0.0,0.0,0.0,0.0,16h16m42.75s,+67d14m19.8s,244.178116,4e-06,67.238846,3e-06,4.0,10.77,0.0,-0.0,0.0,4.0,8.896,,0.0,V (Johnson),7.901,,0.0,4156.0,73.0,-73.0,0.0,4.0,0.6,0.07,-0.07,0.0,3.0,0.6477815328092162,,,0.0,3.0,0.0,2018-11-08,Calar Alto Observatory,39.47009960546413,99.9002845197525,10.769999999999998,-1.4294541674961394,8.19016294422251,6.846224633337146,2
3422,GJ 179,b,GJ 179 b,Radial Velocity,1.0,2288.0,59.0,-59.0,0.0,1.0,2.41,0.04,-0.04,0.0,1.0,0.21,0.08,-0.08,0.0,1.0,,,,,0.0,0.82,0.07,-0.07,0.0,1.0,Msini,,,,,0.0,,,,,0.0,0.0,0.0,0.0,04h52m05.73s,+06d28m35.5s,73.023865,1e-05,6.476539,6e-06,3.0,12.36,0.01,-0.01,0.0,4.0,12.0,0.025,0.0,V (Johnson),10.706,,0.0,3370.0,100.0,-100.0,0.0,3.0,0.36,0.03,-0.03,0.0,2.0,0.38,0.02,-0.02,0.0,2.0,0.0,2014-05-14,W. M. Keck Observatory,-22.862549907573435,192.22581498647708,12.36,-11.130697111354335,-2.4117918482247696,-4.802128892077428,1
3486,GJ 96,b,GJ 96 b,Radial Velocity,1.0,73.94,0.33,-0.38,0.0,1.0,0.291,0.005,-0.005,0.0,1.0,0.44,0.09,-0.11,0.0,1.0,,,,0.0,0.0,0.06186,0.00761,-0.00724,0.0,1.0,Msini,,,,0.0,0.0,,,,0.0,0.0,0.0,0.0,0.0,02h22m14.64s,+47d52m48.1s,35.561016,3e-06,47.880028,3e-06,3.0,11.94,0.01,-0.01,0.0,4.0,9.345,,0.0,V (Johnson),8.632,,0.0,3785.0,62.0,-62.0,0.0,3.0,0.6,0.07,-0.07,0.0,2.0,0.6477815328092162,,,0.0,2.0,0.0,2018-11-08,Haute-Provence Observatory,-12.265152580518905,138.291989958939,11.94,-8.710292693445215,7.762772338502495,-2.53648710130672,2
3499,GJ 1132,c,GJ 1132 c,Transit,2.0,8.929,0.01,-0.01,0.0,1.0,0.0476,0.0017,-0.0017,0.0,1.0,0.27,,,1.0,1.0,,,,0.0,0.0,0.00831,0.00138,-0.00138,0.0,1.0,Msini,,,,0.0,0.0,,,,0.0,0.0,0.0,0.0,0.0,10h14m51.78s,-47d09m24.2s,153.715737,1.7e-05,-47.156727,1.7e-05,2.0,12.04,0.24,-0.24,0.0,2.0,13.49,0.03,0.0,V (Johnson),12.138,,0.0,3270.0,140.0,-140.0,0.0,3.0,0.18,0.02,-0.02,0.0,3.0,0.21,0.01,-0.01,0.0,3.0,1.0,2018-06-21,La Silla Observatory,7.760201019631786,277.2594062112581,12.039999999999997,1.5074632222843654,-11.834109985954791,1.6257292129333971,0
3578,rho CrB,b,rho CrB b,Radial Velocity,2.0,39.8458,0.0015,-0.0014,0.0,2.0,0.2196,0.0024,-0.0025,0.0,2.0,0.0373,0.004,-0.0039,0.0,2.0,,,,,0.0,1.0449,0.0236,-0.02391,0.0,2.0,Msini,,,,,0.0,,,,,0.0,0.0,0.0,0.0,16h01m02.66s,+33d18m12.6s,240.261093,2e-06,33.303509,2e-06,4.0,17.24,0.02,-0.02,0.0,6.0,5.41,,0.0,V (Johnson),5.209,,0.0,5627.0,54.0,-54.0,0.0,6.0,0.89,0.03,-0.03,0.0,6.0,1.36,0.03,-0.03,0.0,6.0,1.0,2016-10-27,Fred Lawrence Whipple Observatory,48.92351846544224,53.488811933342106,17.24,6.73982083633876,9.104626407326233,12.996083759235766,3
3581,rho CrB,c,rho CrB c,Radial Velocity,2.0,102.54,0.17,-0.17,0.0,1.0,0.4123,0.0046,-0.0047,0.0,1.0,0.052,0.061,-0.037,0.0,1.0,,,,,0.0,0.07866,0.00629,-0.00629,0.0,1.0,Msini,,,,,0.0,,,,,0.0,0.0,0.0,0.0,16h01m02.66s,+33d18m12.6s,240.261093,2e-06,33.303509,2e-06,4.0,17.24,0.02,-0.02,0.0,6.0,5.41,,0.0,V (Johnson),5.209,,0.0,5627.0,54.0,-54.0,0.0,6.0,0.89,0.03,-0.03,0.0,6.0,1.36,0.03,-0.03,0.0,6.0,0.0,2016-10-27,Multiple Observatories,48.92351846544224,53.488811933342106,17.24,6.73982083633876,9.104626407326233,12.996083759235766,3
3607,HD 39091,c,pi Men c,Transit,2.0,6.2679,0.00046,-0.00046,0.0,2.0,0.06839,0.0005,-0.0005,0.0,2.0,0.0,,,0.0,2.0,87.456,0.085,-0.076,0.0,2.0,0.01517,0.00264,-0.00271,0.0,2.0,Mass,0.182,0.004,-0.004,0.0,2.0,2.97,0.57,-0.55,0.0,2.0,0.0,0.0,0.0,05h37m09.89s,-80d28m08.8s,84.291214,1e-06,-80.469124,1e-06,4.0,18.28,0.02,-0.02,0.0,4.0,5.67,,0.0,V (Johnson),5.491,,0.0,6037.0,45.0,-45.0,0.0,10.0,1.09,0.04,-0.04,0.0,9.0,1.1,0.02,-0.02,0.0,5.0,1.0,2018-11-15,Transiting Exoplanet Survey Satellite (TESS),-29.776315617188743,292.51350196513556,18.279999999999998,6.07530337495366,-14.657309321131422,-9.078126038282928,4
3611,GJ 536,b,GJ 536 b,Radial Velocity,1.0,8.7076,0.0022,-0.0025,0.0,2.0,0.06661,1.1e-05,-1.3e-05,0.0,2.0,0.08,0.09,-0.06,0.0,2.0,,,,,0.0,0.01686,0.00217,-0.00195,0.0,2.0,Msini,,,,,0.0,,,,,0.0,0.0,0.0,0.0,14h01m03.19s,-02d39m17.5s,210.26329,4e-06,-2.654864,3e-06,4.0,10.03,,,0.0,5.0,9.72,0.009,0.0,V (Johnson),8.859,,0.0,3685.0,68.0,-68.0,0.0,3.0,0.52,0.05,-0.05,0.0,2.0,0.5,0.05,-0.05,0.0,3.0,0.0,2016-11-17,La Silla Observatory,55.81343186301148,335.0555186346077,10.03,5.110030860350815,-2.376821036072608,8.296939578467777,2
3713,HD 26965,b,HD 26965 b,Radial Velocity,1.0,42.378,0.01,-0.01,0.0,1.0,0.224,,,0.0,0.0,0.04,0.05,-0.03,0.0,1.0,,,,0.0,0.0,0.02665,0.00148,-0.00148,0.0,1.0,Msini,,,,0.0,0.0,,,,0.0,0.0,0.0,0.0,0.0,04h15m16.32s,-07d39m10.3s,63.818001,2e-06,-7.652871,2e-06,4.0,5.04,0.01,-0.01,0.0,3.0,4.43,,0.0,V (Johnson),4.107,,0.0,5072.0,53.0,-53.0,0.0,4.0,0.78,0.08,-0.08,0.0,4.0,0.87,0.17,-0.17,0.0,4.0,0.0,2018-08-09,Multiple Observatories,-38.047815687903594,200.75276911316934,5.039999999999999,-3.7114680555625505,-1.40635458680756,-3.106247196973233,3
3732,tau Cet,g,tau Cet g,Radial Velocity,4.0,20.0,0.02,-0.01,0.0,1.0,0.133,0.001,-0.002,0.0,1.0,0.06,0.13,-0.06,0.0,1.0,,,,0.0,0.0,0.00551,0.00079,-0.00126,0.0,1.0,Msini,,,,0.0,0.0,,,,0.0,0.0,0.0,0.0,0.0,01h44m04.08s,-15d56m14.9s,26.017012,2e-06,-15.93748,2e-06,4.0,3.6,0.01,-0.01,0.0,4.0,3.5,,0.0,V (Johnson),3.134,,0.0,,,,0.0,3.0,0.78,0.01,-0.01,0.0,4.0,0.8096184793674984,,,0.0,3.0,0.0,2017-08-17,Multiple Observatories,-73.43972549265474,173.10067347426502,3.5999999999999996,-1.0186557370129983,0.12325874004818593,-3.4506735244662363,3
3733,tau Cet,h,tau Cet h,Radial Velocity,4.0,49.41,0.08,-0.1,0.0,1.0,0.243,0.003,-0.003,0.0,1.0,0.23,0.16,-0.15,0.0,1.0,,,,0.0,0.0,0.00576,0.00214,-0.00082,0.0,1.0,Msini,,,,0.0,0.0,,,,0.0,0.0,0.0,0.0,0.0,01h44m04.08s,-15d56m14.9s,26.017012,2e-06,-15.93748,2e-06,4.0,3.6,0.01,-0.01,0.0,4.0,3.5,,0.0,V (Johnson),3.134,,0.0,,,,0.0,3.0,0.78,0.01,-0.01,0.0,4.0,0.8096184793674984,,,0.0,3.0,0.0,2017-08-17,Multiple Observatories,-73.43972549265474,173.10067347426502,3.5999999999999996,-1.0186557370129983,0.12325874004818593,-3.4506735244662363,3
3734,tau Cet,e,tau Cet e,Radial Velocity,4.0,162.87,1.08,-0.46,0.0,1.0,0.538,0.06,-0.06,0.0,1.0,0.18,0.18,-0.14,0.0,1.0,,,,0.0,0.0,0.01237,0.00261,-0.00201,0.0,1.0,Msini,,,,0.0,0.0,,,,0.0,0.0,0.0,0.0,0.0,01h44m04.08s,-15d56m14.9s,26.017012,2e-06,-15.93748,2e-06,4.0,3.6,0.01,-0.01,0.0,4.0,3.5,,0.0,V (Johnson),3.134,,0.0,,,,0.0,3.0,0.78,0.01,-0.01,0.0,4.0,0.8096184793674984,,,0.0,3.0,0.0,2017-08-17,Multiple Observatories,-73.43972549265474,173.10067347426502,3.5999999999999996,-1.0186557370129983,0.12325874004818593,-3.4506735244662363,3
3735,tau Cet,f,tau Cet f,Radial Velocity,4.0,636.13,11.7,-47.69,0.0,1.0,1.334,0.017,-0.044,0.0,1.0,0.16,0.07,-0.16,0.0,1.0,,,,0.0,0.0,0.01237,0.0033,-0.00431,0.0,1.0,Msini,,,,0.0,0.0,,,,0.0,0.0,0.0,0.0,0.0,01h44m04.08s,-15d56m14.9s,26.017012,2e-06,-15.93748,2e-06,4.0,3.6,0.01,-0.01,0.0,4.0,3.5,,0.0,V (Johnson),3.134,,0.0,,,,0.0,3.0,0.78,0.01,-0.01,0.0,4.0,0.8096184793674984,,,0.0,3.0,0.0,2017-08-17,Multiple Observatories,-73.43972549265474,173.10067347426502,3.5999999999999996,-1.0186557370129983,0.12325874004818593,-3.4506735244662363,3
3736,YZ Cet,b,YZ Cet b,Radial Velocity,3.0,1.96876,0.00021,-0.00021,0.0,1.0,0.01557,0.00052,-0.00052,0.0,1.0,0.0,0.12,-0.12,0.0,1.0,,,,0.0,0.0,0.00236,0.00041,-0.00041,0.0,1.0,Msini,,,,0.0,0.0,,,,0.0,0.0,0.0,0.0,0.0,01h12m30.64s,-16d59m56.3s,18.127668,1.3e-05,-16.998966,1e-05,4.0,3.6,,,0.0,4.0,12.074,,0.0,V (Johnson),,,,3056.0,60.0,-60.0,0.0,2.0,0.13,0.01,-0.01,0.0,2.0,0.17,0.01,-0.01,0.0,2.0,0.0,2017-08-24,La Silla Observatory,-78.7596726611772,149.70527254169437,3.6,-0.6059023392633581,0.3539859475925443,-3.5309455255189364,0
3737,YZ Cet,c,YZ Cet c,Radial Velocity,3.0,3.06008,0.00022,-0.00022,0.0,1.0,0.0209,0.0007,-0.0007,0.0,1.0,0.04,0.11,-0.11,0.0,1.0,,,,0.0,0.0,0.00308,0.00044,-0.00044,0.0,1.0,Msini,,,,0.0,0.0,,,,0.0,0.0,0.0,0.0,0.0,01h12m30.64s,-16d59m56.3s,18.127668,1.3e-05,-16.998966,1e-05,4.0,3.6,,,0.0,4.0,12.074,,0.0,V (Johnson),,,,3056.0,60.0,-60.0,0.0,2.0,0.13,0.01,-0.01,0.0,2.0,0.17,0.01,-0.01,0.0,2.0,0.0,2017-08-24,La Silla Observatory,-78.7596726611772,149.70527254169437,3.6,-0.6059023392633581,0.3539859475925443,-3.5309455255189364,0
3738,YZ Cet,d,YZ Cet d,Radial Velocity,3.0,4.65627,0.00042,-0.00042,0.0,1.0,0.02764,0.00093,-0.00093,0.0,1.0,0.129,0.096,-0.096,0.0,1.0,,,,0.0,0.0,0.00359,0.00053,-0.00053,0.0,1.0,Msini,,,,0.0,0.0,,,,0.0,0.0,0.0,0.0,0.0,01h12m30.64s,-16d59m56.3s,18.127668,1.3e-05,-16.998966,1e-05,4.0,3.6,,,0.0,4.0,12.074,,0.0,V (Johnson),,,,3056.0,60.0,-60.0,0.0,2.0,0.13,0.01,-0.01,0.0,2.0,0.17,0.01,-0.01,0.0,2.0,0.0,2017-08-24,La Silla Observatory,-78.7596726611772,149.70527254169437,3.6,-0.6059023392633581,0.3539859475925443,-3.5309455255189364,0
3740,GJ 625,b,GJ 625 b,Radial Velocity,1.0,14.628,0.012,-0.013,0.0,1.0,0.078361,4.4e-05,-4.6e-05,0.0,1.0,0.13,0.12,-0.09,0.0,1.0,,,,0.0,0.0,0.00887,0.0016,-0.0016,0.0,1.0,Msini,,,,0.0,0.0,,,,0.0,0.0,0.0,0.0,0.0,16h25m24.62s,+54d18m14.8s,246.3526,3e-06,54.304104,3e-06,3.0,6.49,,,0.0,5.0,10.1,0.01,0.0,V (Johnson),9.137,,0.0,3499.0,68.0,-68.0,0.0,3.0,0.3,0.07,-0.07,0.0,2.0,0.31,0.06,-0.06,0.0,2.0,0.0,2017-09-28,Multiple Observatories,42.78532753876981,83.21152403056334,6.489999999999999,0.563011076815572,4.729643678436696,4.408354477853019,1
3759,GJ 3942,b,GJ 3942 b,Radial Velocity,1.0,6.905,0.04,-0.04,0.0,1.0,0.0608,0.0068,-0.0068,0.0,1.0,0.121,0.118,-0.118,0.0,1.0,,,,0.0,0.0,0.02246,0.00186,-0.00186,0.0,1.0,Msini,,,,0.0,0.0,,,,0.0,0.0,0.0,0.0,0.0,16h09m03.14s,+52d56m37.9s,242.263092,3e-06,52.943874,3e-06,3.0,16.94,0.01,-0.01,0.0,4.0,10.25,0.04,0.0,V (Johnson),9.408,,0.0,3867.0,69.0,-69.0,0.0,3.0,0.63,0.07,-0.07,0.0,2.0,0.61,0.06,-0.06,0.0,3.0,0.0,2017-12-21,Roque de los Muchachos Observatory,45.46998183390499,82.20455037827935,16.939999999999998,1.611329807741696,11.769946337321658,12.076240286912626,2
3800,HD 20794,e,HD 20794 e,Radial Velocity,4.0,147.02,1.43,-0.91,0.0,1.0,0.509,0.006,-0.006,0.0,1.0,0.29,0.14,-0.18,0.0,1.0,,,,,0.0,0.01501,0.00302,-0.00271,0.0,1.0,Msini,,,,,0.0,,,,,0.0,0.0,0.0,0.0,03h19m55.65s,-43d04m11.2s,49.981876,1e-06,-43.069782,1e-06,4.0,6.0,0.01,-0.01,0.0,4.0,4.27,,0.0,V (Johnson),3.981,,0.0,5401.0,17.0,-17.0,0.0,7.0,0.7,,,0.0,6.0,0.7384708111153171,,,,3.0,0.0,2017-06-08,La Silla Observatory,-56.07686815554108,250.74617285479596,6.0,-1.1041740100678852,-3.1611903716260326,-4.978722244695869,2
3801,HD 177565,b,HD 177565 b,Radial Velocity,1.0,44.505,0.586,-0.293,0.0,1.0,0.246,0.019,-0.019,0.0,1.0,0.0593,0.1717,-0.05745,0.0,1.0,,,,,0.0,0.04751,0.02014,-0.01904,0.0,1.0,Msini,,,,,0.0,,,,,0.0,0.0,0.0,0.0,19h06m52.46s,-37d48m38.4s,286.718597,4e-06,-37.810658,2e-06,3.0,16.93,0.02,-0.02,0.0,4.0,6.16,,0.0,V (Johnson),5.965,,0.0,,,,,3.0,1.0,0.1,-0.1,0.0,4.0,1.0,,,,3.0,0.0,2017-06-15,La Silla Observatory,-19.07863820426364,359.45043095776117,16.93,15.999313378483494,-0.1534667486030599,-5.5338340573378435,4
3836,Barnards Star,b,Barnards Star b,Radial Velocity,,240.0,,,,,0.38358,,,,,,,,,,,,,,,3.0,,,,,,,,,,,,,,,,,,,17h57m48.49803s,+04d41m36.2072s,269.45207512499996,,4.69339088888889,,,1.8266,,,,,,,,,,,,,,,,,0.144,,,,,0.196,,,,,,,,14.06266433909391,31.00872571786104,1.8266000000000002,1.5186395838808446,0.9128055255835451,0.443832678758971,0
